序号,名称,规格,壁厚,牌号,连接方式,承压,单位,工程量,不含税单价,不含税总价,含税单价,含税总价,品牌,备注
1,304薄壁不锈钢管,DN250,3.5,304,,,米,14,386.99,5417.86,437.2987,6122.1818,共同,2025.7.7，相应机具免费提供壹台，含活接密封圈，货到现场2月支付至到货金额80%，竣工支付至结算金额95%，5%质保2年（如有需要，乙方接受配合甲方债权转让或抵消，以房屋等资产抵偿等形式清偿材料款）
2,304薄壁不锈钢管,DN200,3,304,,,米,71,265.74,18867.54,300.2862,21320.3202,共同,2025.7.7，相应机具免费提供壹台，含活接密封圈，货到现场2月支付至到货金额80%，竣工支付至结算金额95%，5%质保2年（如有需要，乙方接受配合甲方债权转让或抵消，以房屋等资产抵偿等形式清偿材料款）
3,304薄壁不锈钢管,DN150,2.2,304,,,米,1198,177.37,212489.26,200.4281,240112.8638,共同,2025.7.7，相应机具免费提供壹台，含活接密封圈，货到现场2月支付至到货金额80%，竣工支付至结算金额95%，5%质保2年（如有需要，乙方接受配合甲方债权转让或抵消，以房屋等资产抵偿等形式清偿材料款）
4,304薄壁不锈钢管,DN100,1.5,304,,,米,3064,78.83,241535.12,89.0779,272934.6856,共同,2025.7.7，相应机具免费提供壹台，含活接密封圈，货到现场2月支付至到货金额80%，竣工支付至结算金额95%，5%质保2年（如有需要，乙方接受配合甲方债权转让或抵消，以房屋等资产抵偿等形式清偿材料款）
5,304薄壁不锈钢管,DN80,1.5,304,,,米,1557,71.18,110827.26,80.4334,125234.8038,共同,2025.7.7，相应机具免费提供壹台，含活接密封圈，货到现场2月支付至到货金额80%，竣工支付至结算金额95%，5%质保2年（如有需要，乙方接受配合甲方债权转让或抵消，以房屋等资产抵偿等形式清偿材料款）
6,304薄壁不锈钢管,DN65,1.5,304,,,米,793,60.75,48174.75,68.6475,54437.4675,共同,2025.7.7，相应机具免费提供壹台，含活接密封圈，货到现场2月支付至到货金额80%，竣工支付至结算金额95%，5%质保2年（如有需要，乙方接受配合甲方债权转让或抵消，以房屋等资产抵偿等形式清偿材料款）
7,304薄壁不锈钢管,DN60,1.2,304,,,米,1386,39.91,55315.26,45.0983,62506.2438,共同,2025.7.7，相应机具免费提供壹台，含活接密封圈，货到现场2月支付至到货金额80%，竣工支付至结算金额95%，5%质保2年（如有需要，乙方接受配合甲方债权转让或抵消，以房屋等资产抵偿等形式清偿材料款）
8,304薄壁不锈钢管,DN50,1,304,,,米,4094,26.36,107917.84,29.7868,121947.1592,共同,2025.7.7，相应机具免费提供壹台，含活接密封圈，货到现场2月支付至到货金额80%，竣工支付至结算金额95%，5%质保2年（如有需要，乙方接受配合甲方债权转让或抵消，以房屋等资产抵偿等形式清偿材料款）
9,304薄壁不锈钢管,DN40,1,304,,,米,1214,20.66,25081.24,23.3458,28341.8012,共同,2025.7.7，相应机具免费提供壹台，含活接密封圈，货到现场2月支付至到货金额80%，竣工支付至结算金额95%，5%质保2年（如有需要，乙方接受配合甲方债权转让或抵消，以房屋等资产抵偿等形式清偿材料款）
10,304薄壁不锈钢管,DN32,1,304,,,米,397,16.42,6518.74,18.5546,7366.1762,共同,2025.7.7，相应机具免费提供壹台，含活接密封圈，货到现场2月支付至到货金额80%，竣工支付至结算金额95%，5%质保2年（如有需要，乙方接受配合甲方债权转让或抵消，以房屋等资产抵偿等形式清偿材料款）
11,304薄壁不锈钢管,DN25,0.8,304,,,米,5568,10.28,57239.04,11.6164,64680.1152,共同,2025.7.7，相应机具免费提供壹台，含活接密封圈，货到现场2月支付至到货金额80%，竣工支付至结算金额95%，5%质保2年（如有需要，乙方接受配合甲方债权转让或抵消，以房屋等资产抵偿等形式清偿材料款）
12,304薄壁不锈钢管,DN20,0.7,304,,,米,173,7.04,1217.92,7.9552,1376.2496,共同,2025.7.7，相应机具免费提供壹台，含活接密封圈，货到现场2月支付至到货金额80%，竣工支付至结算金额95%，5%质保2年（如有需要，乙方接受配合甲方债权转让或抵消，以房屋等资产抵偿等形式清偿材料款）
13,304薄壁不锈钢管,DN15,0.6,304,,,米,48,4.87,233.76,5.5031,264.1488,共同,2025.7.7，相应机具免费提供壹台，含活接密封圈，货到现场2月支付至到货金额80%，竣工支付至结算金额95%，5%质保2年（如有需要，乙方接受配合甲方债权转让或抵消，以房屋等资产抵偿等形式清偿材料款）
14,直通,DN15,,,,,个,8,2,16,2.26,18.08,共同,2025.7.7，相应机具免费提供壹台，含活接密封圈，货到现场2月支付至到货金额80%，竣工支付至结算金额95%，5%质保2年（如有需要，乙方接受配合甲方债权转让或抵消，以房屋等资产抵偿等形式清偿材料款）
15,直通,DN20,,,,,个,8,2.99,23.92,3.3787,27.0296,共同,2025.7.7，相应机具免费提供壹台，含活接密封圈，货到现场2月支付至到货金额80%，竣工支付至结算金额95%，5%质保2年（如有需要，乙方接受配合甲方债权转让或抵消，以房屋等资产抵偿等形式清偿材料款）
16,直通,DN25,,,,,个,8,4.2,33.6,4.746,37.968,共同,2025.7.7，相应机具免费提供壹台，含活接密封圈，货到现场2月支付至到货金额80%，竣工支付至结算金额95%，5%质保2年（如有需要，乙方接受配合甲方债权转让或抵消，以房屋等资产抵偿等形式清偿材料款）
17,直通,DN32,,,,,个,8,6.4,51.2,7.232,57.856,共同,2025.7.7，相应机具免费提供壹台，含活接密封圈，货到现场2月支付至到货金额80%，竣工支付至结算金额95%，5%质保2年（如有需要，乙方接受配合甲方债权转让或抵消，以房屋等资产抵偿等形式清偿材料款）
18,直通,DN40,,,,,个,8,8.96,71.68,10.1248,80.9984,共同,2025.7.7，相应机具免费提供壹台，含活接密封圈，货到现场2月支付至到货金额80%，竣工支付至结算金额95%，5%质保2年（如有需要，乙方接受配合甲方债权转让或抵消，以房屋等资产抵偿等形式清偿材料款）
19,直通,DN50,,,,,个,8,16.07,128.56,18.1591,145.2728,共同,2025.7.7，相应机具免费提供壹台，含活接密封圈，货到现场2月支付至到货金额80%，竣工支付至结算金额95%，5%质保2年（如有需要，乙方接受配合甲方债权转让或抵消，以房屋等资产抵偿等形式清偿材料款）
20,直通,DN60,,,,,个,8,23.91,191.28,27.0183,216.1464,共同,2025.7.7，相应机具免费提供壹台，含活接密封圈，货到现场2月支付至到货金额80%，竣工支付至结算金额95%，5%质保2年（如有需要，乙方接受配合甲方债权转让或抵消，以房屋等资产抵偿等形式清偿材料款）
21,直通,DN65,,,,,个,8,42.22,337.76,47.7086,381.6688,共同,2025.7.7，相应机具免费提供壹台，含活接密封圈，货到现场2月支付至到货金额80%，竣工支付至结算金额95%，5%质保2年（如有需要，乙方接受配合甲方债权转让或抵消，以房屋等资产抵偿等形式清偿材料款）
22,直通,DN80,,,,,个,8,51.98,415.84,58.7374,469.8992,共同,2025.7.7，相应机具免费提供壹台，含活接密封圈，货到现场2月支付至到货金额80%，竣工支付至结算金额95%，5%质保2年（如有需要，乙方接受配合甲方债权转让或抵消，以房屋等资产抵偿等形式清偿材料款）
23,异径直通,DN20×15,,,,,个,8,4.06,32.48,4.5878,36.7024,共同,2025.7.7，相应机具免费提供壹台，含活接密封圈，货到现场2月支付至到货金额80%，竣工支付至结算金额95%，5%质保2年（如有需要，乙方接受配合甲方债权转让或抵消，以房屋等资产抵偿等形式清偿材料款）
24,异径直通,DN25×15,,,,,个,8,5.28,42.24,5.9664,47.7312,共同,2025.7.7，相应机具免费提供壹台，含活接密封圈，货到现场2月支付至到货金额80%，竣工支付至结算金额95%，5%质保2年（如有需要，乙方接受配合甲方债权转让或抵消，以房屋等资产抵偿等形式清偿材料款）
25,异径直通,DN25×20,,,,,个,8,9.06,72.48,10.2378,81.9024,共同,2025.7.7，相应机具免费提供壹台，含活接密封圈，货到现场2月支付至到货金额80%，竣工支付至结算金额95%，5%质保2年（如有需要，乙方接受配合甲方债权转让或抵消，以房屋等资产抵偿等形式清偿材料款）
26,异径直通,DN32×15,,,,,个,8,10.58,84.64,11.9554,95.6432,共同,2025.7.7，相应机具免费提供壹台，含活接密封圈，货到现场2月支付至到货金额80%，竣工支付至结算金额95%，5%质保2年（如有需要，乙方接受配合甲方债权转让或抵消，以房屋等资产抵偿等形式清偿材料款）
27,异径直通,DN32×20,,,,,个,8,11.26,90.08,12.7238,101.7904,共同,2025.7.7，相应机具免费提供壹台，含活接密封圈，货到现场2月支付至到货金额80%，竣工支付至结算金额95%，5%质保2年（如有需要，乙方接受配合甲方债权转让或抵消，以房屋等资产抵偿等形式清偿材料款）
28,异径直通,DN32×25,,,,,个,8,12.37,98.96,13.9781,111.8248,共同,2025.7.7，相应机具免费提供壹台，含活接密封圈，货到现场2月支付至到货金额80%，竣工支付至结算金额95%，5%质保2年（如有需要，乙方接受配合甲方债权转让或抵消，以房屋等资产抵偿等形式清偿材料款）
29,异径直通,DN40×15,,,,,个,8,13.81,110.48,15.6053,124.8424,共同,2025.7.7，相应机具免费提供壹台，含活接密封圈，货到现场2月支付至到货金额80%，竣工支付至结算金额95%，5%质保2年（如有需要，乙方接受配合甲方债权转让或抵消，以房屋等资产抵偿等形式清偿材料款）
30,异径直通,DN40×20,,,,,个,8,14.49,115.92,16.3737,130.9896,共同,2025.7.7，相应机具免费提供壹台，含活接密封圈，货到现场2月支付至到货金额80%，竣工支付至结算金额95%，5%质保2年（如有需要，乙方接受配合甲方债权转让或抵消，以房屋等资产抵偿等形式清偿材料款）
31,异径直通,DN40×25,,,,,个,8,15.06,120.48,17.0178,136.1424,共同,2025.7.7，相应机具免费提供壹台，含活接密封圈，货到现场2月支付至到货金额80%，竣工支付至结算金额95%，5%质保2年（如有需要，乙方接受配合甲方债权转让或抵消，以房屋等资产抵偿等形式清偿材料款）
32,异径直通,DN40×32,,,,,个,8,16.17,129.36,18.2721,146.1768,共同,2025.7.7，相应机具免费提供壹台，含活接密封圈，货到现场2月支付至到货金额80%，竣工支付至结算金额95%，5%质保2年（如有需要，乙方接受配合甲方债权转让或抵消，以房屋等资产抵偿等形式清偿材料款）
33,异径直通,DN50×15,,,,,个,8,21.29,170.32,24.0577,192.4616,共同,2025.7.7，相应机具免费提供壹台，含活接密封圈，货到现场2月支付至到货金额80%，竣工支付至结算金额95%，5%质保2年（如有需要，乙方接受配合甲方债权转让或抵消，以房屋等资产抵偿等形式清偿材料款）
34,异径直通,DN50×20,,,,,个,8,21.97,175.76,24.8261,198.6088,共同,2025.7.7，相应机具免费提供壹台，含活接密封圈，货到现场2月支付至到货金额80%，竣工支付至结算金额95%，5%质保2年（如有需要，乙方接受配合甲方债权转让或抵消，以房屋等资产抵偿等形式清偿材料款）
35,异径直通,DN50×25,,,,,个,8,22.53,180.24,25.4589,203.6712,共同,2025.7.7，相应机具免费提供壹台，含活接密封圈，货到现场2月支付至到货金额80%，竣工支付至结算金额95%，5%质保2年（如有需要，乙方接受配合甲方债权转让或抵消，以房屋等资产抵偿等形式清偿材料款）
36,异径直通,DN50×32,,,,,个,8,23.7,189.6,26.781,214.248,共同,2025.7.7，相应机具免费提供壹台，含活接密封圈，货到现场2月支付至到货金额80%，竣工支付至结算金额95%，5%质保2年（如有需要，乙方接受配合甲方债权转让或抵消，以房屋等资产抵偿等形式清偿材料款）
37,异径直通,DN50×40,,,,,个,8,25.29,202.32,28.5777,228.6216,共同,2025.7.7，相应机具免费提供壹台，含活接密封圈，货到现场2月支付至到货金额80%，竣工支付至结算金额95%，5%质保2年（如有需要，乙方接受配合甲方债权转让或抵消，以房屋等资产抵偿等形式清偿材料款）
38,异径直通,DN60×15,,,,,个,8,30.78,246.24,34.7814,278.2512,共同,2025.7.7，相应机具免费提供壹台，含活接密封圈，货到现场2月支付至到货金额80%，竣工支付至结算金额95%，5%质保2年（如有需要，乙方接受配合甲方债权转让或抵消，以房屋等资产抵偿等形式清偿材料款）
39,异径直通,DN60×20,,,,,个,8,31.67,253.36,35.7871,286.2968,共同,2025.7.7，相应机具免费提供壹台，含活接密封圈，货到现场2月支付至到货金额80%，竣工支付至结算金额95%，5%质保2年（如有需要，乙方接受配合甲方债权转让或抵消，以房屋等资产抵偿等形式清偿材料款）
40,异径直通,DN60×25,,,,,个,8,32.19,257.52,36.3747,290.9976,共同,2025.7.7，相应机具免费提供壹台，含活接密封圈，货到现场2月支付至到货金额80%，竣工支付至结算金额95%，5%质保2年（如有需要，乙方接受配合甲方债权转让或抵消，以房屋等资产抵偿等形式清偿材料款）
41,异径直通,DN60×32,,,,,个,8,33.2,265.6,37.516,300.128,共同,2025.7.7，相应机具免费提供壹台，含活接密封圈，货到现场2月支付至到货金额80%，竣工支付至结算金额95%，5%质保2年（如有需要，乙方接受配合甲方债权转让或抵消，以房屋等资产抵偿等形式清偿材料款）
42,异径直通,DN60×40,,,,,个,8,35.07,280.56,39.6291,317.0328,共同,2025.7.7，相应机具免费提供壹台，含活接密封圈，货到现场2月支付至到货金额80%，竣工支付至结算金额95%，5%质保2年（如有需要，乙方接受配合甲方债权转让或抵消，以房屋等资产抵偿等形式清偿材料款）
43,异径直通,DN60×50,,,,,个,8,39.35,314.8,44.4655,355.724,共同,2025.7.7，相应机具免费提供壹台，含活接密封圈，货到现场2月支付至到货金额80%，竣工支付至结算金额95%，5%质保2年（如有需要，乙方接受配合甲方债权转让或抵消，以房屋等资产抵偿等形式清偿材料款）
44,异径直通,DN65×15,,,,,个,8,46.73,373.84,52.8049,422.4392,共同,2025.7.7，相应机具免费提供壹台，含活接密封圈，货到现场2月支付至到货金额80%，竣工支付至结算金额95%，5%质保2年（如有需要，乙方接受配合甲方债权转让或抵消，以房屋等资产抵偿等形式清偿材料款）
45,异径直通,DN65×20,,,,,个,8,47.49,379.92,53.6637,429.3096,共同,2025.7.7，相应机具免费提供壹台，含活接密封圈，货到现场2月支付至到货金额80%，竣工支付至结算金额95%，5%质保2年（如有需要，乙方接受配合甲方债权转让或抵消，以房屋等资产抵偿等形式清偿材料款）
46,异径直通,DN65×25,,,,,个,8,48.07,384.56,54.3191,434.5528,共同,2025.7.7，相应机具免费提供壹台，含活接密封圈，货到现场2月支付至到货金额80%，竣工支付至结算金额95%，5%质保2年（如有需要，乙方接受配合甲方债权转让或抵消，以房屋等资产抵偿等形式清偿材料款）
47,异径直通,DN65×32,,,,,个,8,49.06,392.48,55.4378,443.5024,共同,2025.7.7，相应机具免费提供壹台，含活接密封圈，货到现场2月支付至到货金额80%，竣工支付至结算金额95%，5%质保2年（如有需要，乙方接受配合甲方债权转让或抵消，以房屋等资产抵偿等形式清偿材料款）
48,异径直通,DN65×40,,,,,个,8,50.92,407.36,57.5396,460.3168,共同,2025.7.7，相应机具免费提供壹台，含活接密封圈，货到现场2月支付至到货金额80%，竣工支付至结算金额95%，5%质保2年（如有需要，乙方接受配合甲方债权转让或抵消，以房屋等资产抵偿等形式清偿材料款）
49,异径直通,DN65×50,,,,,个,8,55.81,446.48,63.0653,504.5224,共同,2025.7.7，相应机具免费提供壹台，含活接密封圈，货到现场2月支付至到货金额80%，竣工支付至结算金额95%，5%质保2年（如有需要，乙方接受配合甲方债权转让或抵消，以房屋等资产抵偿等形式清偿材料款）
50,异径直通,DN65×60,,,,,个,8,60.42,483.36,68.2746,546.1968,共同,2025.7.7，相应机具免费提供壹台，含活接密封圈，货到现场2月支付至到货金额80%，竣工支付至结算金额95%，5%质保2年（如有需要，乙方接受配合甲方债权转让或抵消，以房屋等资产抵偿等形式清偿材料款）
51,异径直通,DN80×15,,,,,个,8,46.73,373.84,52.8049,422.4392,共同,2025.7.7，相应机具免费提供壹台，含活接密封圈，货到现场2月支付至到货金额80%，竣工支付至结算金额95%，5%质保2年（如有需要，乙方接受配合甲方债权转让或抵消，以房屋等资产抵偿等形式清偿材料款）
52,异径直通,DN80×20,,,,,个,8,47.49,379.92,53.6637,429.3096,共同,2025.7.7，相应机具免费提供壹台，含活接密封圈，货到现场2月支付至到货金额80%，竣工支付至结算金额95%，5%质保2年（如有需要，乙方接受配合甲方债权转让或抵消，以房屋等资产抵偿等形式清偿材料款）
53,异径直通,DN80×25,,,,,个,8,48.07,384.56,54.3191,434.5528,共同,2025.7.7，相应机具免费提供壹台，含活接密封圈，货到现场2月支付至到货金额80%，竣工支付至结算金额95%，5%质保2年（如有需要，乙方接受配合甲方债权转让或抵消，以房屋等资产抵偿等形式清偿材料款）
54,异径直通,DN80×32,,,,,个,8,49.06,392.48,55.4378,443.5024,共同,2025.7.7，相应机具免费提供壹台，含活接密封圈，货到现场2月支付至到货金额80%，竣工支付至结算金额95%，5%质保2年（如有需要，乙方接受配合甲方债权转让或抵消，以房屋等资产抵偿等形式清偿材料款）
55,异径直通,DN80×40,,,,,个,8,50.92,407.36,57.5396,460.3168,共同,2025.7.7，相应机具免费提供壹台，含活接密封圈，货到现场2月支付至到货金额80%，竣工支付至结算金额95%，5%质保2年（如有需要，乙方接受配合甲方债权转让或抵消，以房屋等资产抵偿等形式清偿材料款）
56,异径直通,DN80×50,,,,,个,8,55.81,446.48,63.0653,504.5224,共同,2025.7.7，相应机具免费提供壹台，含活接密封圈，货到现场2月支付至到货金额80%，竣工支付至结算金额95%，5%质保2年（如有需要，乙方接受配合甲方债权转让或抵消，以房屋等资产抵偿等形式清偿材料款）
57,异径直通,DN80×60,,,,,个,8,86.56,692.48,97.8128,782.5024,共同,2025.7.7，相应机具免费提供壹台，含活接密封圈，货到现场2月支付至到货金额80%，竣工支付至结算金额95%，5%质保2年（如有需要，乙方接受配合甲方债权转让或抵消，以房屋等资产抵偿等形式清偿材料款）
58,异径直通,DN80×65,,,,,个,8,86.56,692.48,97.8128,782.5024,共同,2025.7.7，相应机具免费提供壹台，含活接密封圈，货到现场2月支付至到货金额80%，竣工支付至结算金额95%，5%质保2年（如有需要，乙方接受配合甲方债权转让或抵消，以房屋等资产抵偿等形式清偿材料款）
59,外丝直通,DN15×½,,,,,个,8,6.7,53.6,7.571,60.568,共同,2025.7.7，相应机具免费提供壹台，含活接密封圈，货到现场2月支付至到货金额80%，竣工支付至结算金额95%，5%质保2年（如有需要，乙方接受配合甲方债权转让或抵消，以房屋等资产抵偿等形式清偿材料款）
60,外丝直通,DN20×¾,,,,,个,8,8.4,67.2,9.492,75.936,共同,2025.7.7，相应机具免费提供壹台，含活接密封圈，货到现场2月支付至到货金额80%，竣工支付至结算金额95%，5%质保2年（如有需要，乙方接受配合甲方债权转让或抵消，以房屋等资产抵偿等形式清偿材料款）
61,外丝直通,"DN25×1""",,,,,个,8,11.36,90.88,12.8368,102.6944,共同,2025.7.7，相应机具免费提供壹台，含活接密封圈，货到现场2月支付至到货金额80%，竣工支付至结算金额95%，5%质保2年（如有需要，乙方接受配合甲方债权转让或抵消，以房屋等资产抵偿等形式清偿材料款）
62,外丝直通,DN32×1¼,,,,,个,8,15.61,124.88,17.6393,141.1144,共同,2025.7.7，相应机具免费提供壹台，含活接密封圈，货到现场2月支付至到货金额80%，竣工支付至结算金额95%，5%质保2年（如有需要，乙方接受配合甲方债权转让或抵消，以房屋等资产抵偿等形式清偿材料款）
63,外丝直通,DN40×1½,,,,,个,8,19.96,159.68,22.5548,180.4384,共同,2025.7.7，相应机具免费提供壹台，含活接密封圈，货到现场2月支付至到货金额80%，竣工支付至结算金额95%，5%质保2年（如有需要，乙方接受配合甲方债权转让或抵消，以房屋等资产抵偿等形式清偿材料款）
64,外丝直通,"DN50×2""",,,,,个,8,29.29,234.32,33.0977,264.7816,共同,2025.7.7，相应机具免费提供壹台，含活接密封圈，货到现场2月支付至到货金额80%，竣工支付至结算金额95%，5%质保2年（如有需要，乙方接受配合甲方债权转让或抵消，以房屋等资产抵偿等形式清偿材料款）
65,外丝直通,DN60×2½,,,,,个,8,102.11,816.88,115.3843,923.0744,共同,2025.7.7，相应机具免费提供壹台，含活接密封圈，货到现场2月支付至到货金额80%，竣工支付至结算金额95%，5%质保2年（如有需要，乙方接受配合甲方债权转让或抵消，以房屋等资产抵偿等形式清偿材料款）
66,内丝直通,DN15×½,,,,,个,8,6.7,53.6,7.571,60.568,共同,2025.7.7，相应机具免费提供壹台，含活接密封圈，货到现场2月支付至到货金额80%，竣工支付至结算金额95%，5%质保2年（如有需要，乙方接受配合甲方债权转让或抵消，以房屋等资产抵偿等形式清偿材料款）
67,内丝直通,DN20×¾,,,,,个,8,8.48,67.84,9.5824,76.6592,共同,2025.7.7，相应机具免费提供壹台，含活接密封圈，货到现场2月支付至到货金额80%，竣工支付至结算金额95%，5%质保2年（如有需要，乙方接受配合甲方债权转让或抵消，以房屋等资产抵偿等形式清偿材料款）
68,内丝直通,"DN25×1""",,,,,个,8,11.42,91.36,12.9046,103.2368,共同,2025.7.7，相应机具免费提供壹台，含活接密封圈，货到现场2月支付至到货金额80%，竣工支付至结算金额95%，5%质保2年（如有需要，乙方接受配合甲方债权转让或抵消，以房屋等资产抵偿等形式清偿材料款）
69,内丝直通,DN32×1¼,,,,,个,8,16.23,129.84,18.3399,146.7192,共同,2025.7.7，相应机具免费提供壹台，含活接密封圈，货到现场2月支付至到货金额80%，竣工支付至结算金额95%，5%质保2年（如有需要，乙方接受配合甲方债权转让或抵消，以房屋等资产抵偿等形式清偿材料款）
70,内丝直通,DN40×1½,,,,,个,8,20.6,164.8,23.278,186.224,共同,2025.7.7，相应机具免费提供壹台，含活接密封圈，货到现场2月支付至到货金额80%，竣工支付至结算金额95%，5%质保2年（如有需要，乙方接受配合甲方债权转让或抵消，以房屋等资产抵偿等形式清偿材料款）
71,内丝直通,"DN50×2""",,,,,个,8,30.74,245.92,34.7362,277.8896,共同,2025.7.7，相应机具免费提供壹台，含活接密封圈，货到现场2月支付至到货金额80%，竣工支付至结算金额95%，5%质保2年（如有需要，乙方接受配合甲方债权转让或抵消，以房屋等资产抵偿等形式清偿材料款）
72,内丝直通,DN60×2½,,,,,个,8,102.11,816.88,115.3843,923.0744,共同,2025.7.7，相应机具免费提供壹台，含活接密封圈，货到现场2月支付至到货金额80%，竣工支付至结算金额95%，5%质保2年（如有需要，乙方接受配合甲方债权转让或抵消，以房屋等资产抵偿等形式清偿材料款）
73,内丝直通,DN15×½,,,,,个,8,6.7,53.6,7.571,60.568,共同,2025.7.7，相应机具免费提供壹台，含活接密封圈，货到现场2月支付至到货金额80%，竣工支付至结算金额95%，5%质保2年（如有需要，乙方接受配合甲方债权转让或抵消，以房屋等资产抵偿等形式清偿材料款）
74,内丝直通,DN20×¾,,,,,个,8,8.48,67.84,9.5824,76.6592,共同,2025.7.7，相应机具免费提供壹台，含活接密封圈，货到现场2月支付至到货金额80%，竣工支付至结算金额95%，5%质保2年（如有需要，乙方接受配合甲方债权转让或抵消，以房屋等资产抵偿等形式清偿材料款）
75,内丝直通,"DN25×1""",,,,,个,8,11.42,91.36,12.9046,103.2368,共同,2025.7.7，相应机具免费提供壹台，含活接密封圈，货到现场2月支付至到货金额80%，竣工支付至结算金额95%，5%质保2年（如有需要，乙方接受配合甲方债权转让或抵消，以房屋等资产抵偿等形式清偿材料款）
76,内丝直通,DN32×1¼,,,,,个,8,16.23,129.84,18.3399,146.7192,共同,2025.7.7，相应机具免费提供壹台，含活接密封圈，货到现场2月支付至到货金额80%，竣工支付至结算金额95%，5%质保2年（如有需要，乙方接受配合甲方债权转让或抵消，以房屋等资产抵偿等形式清偿材料款）
77,内丝直通,DN40×1½,,,,,个,8,20.6,164.8,23.278,186.224,共同,2025.7.7，相应机具免费提供壹台，含活接密封圈，货到现场2月支付至到货金额80%，竣工支付至结算金额95%，5%质保2年（如有需要，乙方接受配合甲方债权转让或抵消，以房屋等资产抵偿等形式清偿材料款）
78,内丝直通,"DN50×2""",,,,,个,8,30.74,245.92,34.7362,277.8896,共同,2025.7.7，相应机具免费提供壹台，含活接密封圈，货到现场2月支付至到货金额80%，竣工支付至结算金额95%，5%质保2年（如有需要，乙方接受配合甲方债权转让或抵消，以房屋等资产抵偿等形式清偿材料款）
79,异径内丝直通,DN20×½,,,,,个,8,8.41,67.28,9.5033,76.0264,共同,2025.7.7，相应机具免费提供壹台，含活接密封圈，货到现场2月支付至到货金额80%，竣工支付至结算金额95%，5%质保2年（如有需要，乙方接受配合甲方债权转让或抵消，以房屋等资产抵偿等形式清偿材料款）
80,异径内丝直通,DN25×½,,,,,个,8,10.09,80.72,11.4017,91.2136,共同,2025.7.7，相应机具免费提供壹台，含活接密封圈，货到现场2月支付至到货金额80%，竣工支付至结算金额95%，5%质保2年（如有需要，乙方接受配合甲方债权转让或抵消，以房屋等资产抵偿等形式清偿材料款）
81,异径内丝直通,DN25×¾,,,,,个,8,11.23,89.84,12.6899,101.5192,共同,2025.7.7，相应机具免费提供壹台，含活接密封圈，货到现场2月支付至到货金额80%，竣工支付至结算金额95%，5%质保2年（如有需要，乙方接受配合甲方债权转让或抵消，以房屋等资产抵偿等形式清偿材料款）
82,异径内丝直通,DN32×½,,,,,个,8,12.18,97.44,13.7634,110.1072,共同,2025.7.7，相应机具免费提供壹台，含活接密封圈，货到现场2月支付至到货金额80%，竣工支付至结算金额95%，5%质保2年（如有需要，乙方接受配合甲方债权转让或抵消，以房屋等资产抵偿等形式清偿材料款）
83,异径内丝直通,DN32×¾,,,,,个,8,13.4,107.2,15.142,121.136,共同,2025.7.7，相应机具免费提供壹台，含活接密封圈，货到现场2月支付至到货金额80%，竣工支付至结算金额95%，5%质保2年（如有需要，乙方接受配合甲方债权转让或抵消，以房屋等资产抵偿等形式清偿材料款）
84,异径内丝直通,"DN32×1""",,,,,个,8,16.53,132.24,18.6789,149.4312,共同,2025.7.7，相应机具免费提供壹台，含活接密封圈，货到现场2月支付至到货金额80%，竣工支付至结算金额95%，5%质保2年（如有需要，乙方接受配合甲方债权转让或抵消，以房屋等资产抵偿等形式清偿材料款）
85,异径内丝直通,DN40×½,,,,,个,8,14.91,119.28,16.8483,134.7864,共同,2025.7.7，相应机具免费提供壹台，含活接密封圈，货到现场2月支付至到货金额80%，竣工支付至结算金额95%，5%质保2年（如有需要，乙方接受配合甲方债权转让或抵消，以房屋等资产抵偿等形式清偿材料款）
86,异径内丝直通,DN40×¾,,,,,个,8,16.11,128.88,18.2043,145.6344,共同,2025.7.7，相应机具免费提供壹台，含活接密封圈，货到现场2月支付至到货金额80%，竣工支付至结算金额95%，5%质保2年（如有需要，乙方接受配合甲方债权转让或抵消，以房屋等资产抵偿等形式清偿材料款）
87,异径内丝直通,"DN40×1""",,,,,个,8,19.24,153.92,21.7412,173.9296,共同,2025.7.7，相应机具免费提供壹台，含活接密封圈，货到现场2月支付至到货金额80%，竣工支付至结算金额95%，5%质保2年（如有需要，乙方接受配合甲方债权转让或抵消，以房屋等资产抵偿等形式清偿材料款）
88,异径内丝直通,DN40×1¼,,,,,个,8,21.56,172.48,24.3628,194.9024,共同,2025.7.7，相应机具免费提供壹台，含活接密封圈，货到现场2月支付至到货金额80%，竣工支付至结算金额95%，5%质保2年（如有需要，乙方接受配合甲方债权转让或抵消，以房屋等资产抵偿等形式清偿材料款）
89,异径内丝直通,DN50×½,,,,,个,8,21.3,170.4,24.069,192.552,共同,2025.7.7，相应机具免费提供壹台，含活接密封圈，货到现场2月支付至到货金额80%，竣工支付至结算金额95%，5%质保2年（如有需要，乙方接受配合甲方债权转让或抵消，以房屋等资产抵偿等形式清偿材料款）
90,异径内丝直通,DN50×¾,,,,,个,8,22.49,179.92,25.4137,203.3096,共同,2025.7.7，相应机具免费提供壹台，含活接密封圈，货到现场2月支付至到货金额80%，竣工支付至结算金额95%，5%质保2年（如有需要，乙方接受配合甲方债权转让或抵消，以房屋等资产抵偿等形式清偿材料款）
91,异径内丝直通,"DN50×1""",,,,,个,8,25.61,204.88,28.9393,231.5144,共同,2025.7.7，相应机具免费提供壹台，含活接密封圈，货到现场2月支付至到货金额80%，竣工支付至结算金额95%，5%质保2年（如有需要，乙方接受配合甲方债权转让或抵消，以房屋等资产抵偿等形式清偿材料款）
92,异径内丝直通,DN50×1¼,,,,,个,8,28,224,31.64,253.12,共同,2025.7.7，相应机具免费提供壹台，含活接密封圈，货到现场2月支付至到货金额80%，竣工支付至结算金额95%，5%质保2年（如有需要，乙方接受配合甲方债权转让或抵消，以房屋等资产抵偿等形式清偿材料款）
93,异径内丝直通,DN50×1½,,,,,个,8,30.55,244.4,34.5215,276.172,共同,2025.7.7，相应机具免费提供壹台，含活接密封圈，货到现场2月支付至到货金额80%，竣工支付至结算金额95%，5%质保2年（如有需要，乙方接受配合甲方债权转让或抵消，以房屋等资产抵偿等形式清偿材料款）
94,异径内丝直通,DN60×½,,,,,个,8,29.37,234.96,33.1881,265.5048,共同,2025.7.7，相应机具免费提供壹台，含活接密封圈，货到现场2月支付至到货金额80%，竣工支付至结算金额95%，5%质保2年（如有需要，乙方接受配合甲方债权转让或抵消，以房屋等资产抵偿等形式清偿材料款）
95,异径内丝直通,DN60×¾,,,,,个,8,30.71,245.68,34.7023,277.6184,共同,2025.7.7，相应机具免费提供壹台，含活接密封圈，货到现场2月支付至到货金额80%，竣工支付至结算金额95%，5%质保2年（如有需要，乙方接受配合甲方债权转让或抵消，以房屋等资产抵偿等形式清偿材料款）
96,异径内丝直通,"DN60×1""",,,,,个,8,33.83,270.64,38.2279,305.8232,共同,2025.7.7，相应机具免费提供壹台，含活接密封圈，货到现场2月支付至到货金额80%，竣工支付至结算金额95%，5%质保2年（如有需要，乙方接受配合甲方债权转让或抵消，以房屋等资产抵偿等形式清偿材料款）
97,异径内丝直通,DN60×1¼,,,,,个,8,36.08,288.64,40.7704,326.1632,共同,2025.7.7，相应机具免费提供壹台，含活接密封圈，货到现场2月支付至到货金额80%，竣工支付至结算金额95%，5%质保2年（如有需要，乙方接受配合甲方债权转让或抵消，以房屋等资产抵偿等形式清偿材料款）
98,异径内丝直通,DN60×1½,,,,,个,8,38.85,310.8,43.9005,351.204,共同,2025.7.7，相应机具免费提供壹台，含活接密封圈，货到现场2月支付至到货金额80%，竣工支付至结算金额95%，5%质保2年（如有需要，乙方接受配合甲方债权转让或抵消，以房屋等资产抵偿等形式清偿材料款）
99,异径内丝直通,"DN60×2""",,,,,个,8,42.61,340.88,48.1493,385.1944,共同,2025.7.7，相应机具免费提供壹台，含活接密封圈，货到现场2月支付至到货金额80%，竣工支付至结算金额95%，5%质保2年（如有需要，乙方接受配合甲方债权转让或抵消，以房屋等资产抵偿等形式清偿材料款）
100,异径内丝直通,DN65×½,,,,,个,8,42.92,343.36,48.4996,387.9968,共同,2025.7.7，相应机具免费提供壹台，含活接密封圈，货到现场2月支付至到货金额80%，竣工支付至结算金额95%，5%质保2年（如有需要，乙方接受配合甲方债权转让或抵消，以房屋等资产抵偿等形式清偿材料款）
101,异径内丝直通,DN65×¾,,,,,个,8,44.18,353.44,49.9234,399.3872,共同,2025.7.7，相应机具免费提供壹台，含活接密封圈，货到现场2月支付至到货金额80%，竣工支付至结算金额95%，5%质保2年（如有需要，乙方接受配合甲方债权转让或抵消，以房屋等资产抵偿等形式清偿材料款）
102,异径内丝直通,"DN65×1""",,,,,个,8,47.32,378.56,53.4716,427.7728,共同,2025.7.7，相应机具免费提供壹台，含活接密封圈，货到现场2月支付至到货金额80%，竣工支付至结算金额95%，5%质保2年（如有需要，乙方接受配合甲方债权转让或抵消，以房屋等资产抵偿等形式清偿材料款）
103,异径内丝直通,DN65×1¼,,,,,个,8,49.55,396.4,55.9915,447.932,共同,2025.7.7，相应机具免费提供壹台，含活接密封圈，货到现场2月支付至到货金额80%，竣工支付至结算金额95%，5%质保2年（如有需要，乙方接受配合甲方债权转让或抵消，以房屋等资产抵偿等形式清偿材料款）
104,异径内丝直通,DN65×1½,,,,,个,8,52.34,418.72,59.1442,473.1536,共同,2025.7.7，相应机具免费提供壹台，含活接密封圈，货到现场2月支付至到货金额80%，竣工支付至结算金额95%，5%质保2年（如有需要，乙方接受配合甲方债权转让或抵消，以房屋等资产抵偿等形式清偿材料款）
105,异径内丝直通,"DN65×2""",,,,,个,8,56.73,453.84,64.1049,512.8392,共同,2025.7.7，相应机具免费提供壹台，含活接密封圈，货到现场2月支付至到货金额80%，竣工支付至结算金额95%，5%质保2年（如有需要，乙方接受配合甲方债权转让或抵消，以房屋等资产抵偿等形式清偿材料款）
106,异径内丝直通,DN80×½,,,,,个,8,52.87,422.96,59.7431,477.9448,共同,2025.7.7，相应机具免费提供壹台，含活接密封圈，货到现场2月支付至到货金额80%，竣工支付至结算金额95%，5%质保2年（如有需要，乙方接受配合甲方债权转让或抵消，以房屋等资产抵偿等形式清偿材料款）
107,异径内丝直通,DN80×¾,,,,,个,8,56.35,450.8,63.6755,509.404,共同,2025.7.7，相应机具免费提供壹台，含活接密封圈，货到现场2月支付至到货金额80%，竣工支付至结算金额95%，5%质保2年（如有需要，乙方接受配合甲方债权转让或抵消，以房屋等资产抵偿等形式清偿材料款）
108,异径内丝直通,"DN80×1""",,,,,个,8,59.6,476.8,67.348,538.784,共同,2025.7.7，相应机具免费提供壹台，含活接密封圈，货到现场2月支付至到货金额80%，竣工支付至结算金额95%，5%质保2年（如有需要，乙方接受配合甲方债权转让或抵消，以房屋等资产抵偿等形式清偿材料款）
109,异径内丝直通,DN80×1¼,,,,,个,8,61.7,493.6,69.721,557.768,共同,2025.7.7，相应机具免费提供壹台，含活接密封圈，货到现场2月支付至到货金额80%，竣工支付至结算金额95%，5%质保2年（如有需要，乙方接受配合甲方债权转让或抵消，以房屋等资产抵偿等形式清偿材料款）
110,异径内丝直通,DN80×1½,,,,,个,8,66,528,74.58,596.64,共同,2025.7.7，相应机具免费提供壹台，含活接密封圈，货到现场2月支付至到货金额80%，竣工支付至结算金额95%，5%质保2年（如有需要，乙方接受配合甲方债权转让或抵消，以房屋等资产抵偿等形式清偿材料款）
111,异径内丝直通,"DN80×2""",,,,,个,8,69.96,559.68,79.0548,632.4384,共同,2025.7.7，相应机具免费提供壹台，含活接密封圈，货到现场2月支付至到货金额80%，竣工支付至结算金额95%，5%质保2年（如有需要，乙方接受配合甲方债权转让或抵消，以房屋等资产抵偿等形式清偿材料款）
112,异径外丝直通,DN20×½,,,,,个,8,8.41,67.28,9.5033,76.0264,共同,2025.7.7，相应机具免费提供壹台，含活接密封圈，货到现场2月支付至到货金额80%，竣工支付至结算金额95%，5%质保2年（如有需要，乙方接受配合甲方债权转让或抵消，以房屋等资产抵偿等形式清偿材料款）
113,异径外丝直通,DN25×½,,,,,个,8,10.09,80.72,11.4017,91.2136,共同,2025.7.7，相应机具免费提供壹台，含活接密封圈，货到现场2月支付至到货金额80%，竣工支付至结算金额95%，5%质保2年（如有需要，乙方接受配合甲方债权转让或抵消，以房屋等资产抵偿等形式清偿材料款）
114,异径外丝直通,DN25×¾,,,,,个,8,11.23,89.84,12.6899,101.5192,共同,2025.7.7，相应机具免费提供壹台，含活接密封圈，货到现场2月支付至到货金额80%，竣工支付至结算金额95%，5%质保2年（如有需要，乙方接受配合甲方债权转让或抵消，以房屋等资产抵偿等形式清偿材料款）
115,异径外丝直通,DN32×½,,,,,个,8,12.18,97.44,13.7634,110.1072,共同,2025.7.7，相应机具免费提供壹台，含活接密封圈，货到现场2月支付至到货金额80%，竣工支付至结算金额95%，5%质保2年（如有需要，乙方接受配合甲方债权转让或抵消，以房屋等资产抵偿等形式清偿材料款）
116,异径外丝直通,DN32×¾,,,,,个,8,13.4,107.2,15.142,121.136,共同,2025.7.7，相应机具免费提供壹台，含活接密封圈，货到现场2月支付至到货金额80%，竣工支付至结算金额95%，5%质保2年（如有需要，乙方接受配合甲方债权转让或抵消，以房屋等资产抵偿等形式清偿材料款）
117,异径外丝直通,"DN32×1""",,,,,个,8,16.53,132.24,18.6789,149.4312,共同,2025.7.7，相应机具免费提供壹台，含活接密封圈，货到现场2月支付至到货金额80%，竣工支付至结算金额95%，5%质保2年（如有需要，乙方接受配合甲方债权转让或抵消，以房屋等资产抵偿等形式清偿材料款）
118,异径外丝直通,DN40×½,,,,,个,8,14.91,119.28,16.8483,134.7864,共同,2025.7.7，相应机具免费提供壹台，含活接密封圈，货到现场2月支付至到货金额80%，竣工支付至结算金额95%，5%质保2年（如有需要，乙方接受配合甲方债权转让或抵消，以房屋等资产抵偿等形式清偿材料款）
119,异径外丝直通,DN40×¾,,,,,个,8,16.11,128.88,18.2043,145.6344,共同,2025.7.7，相应机具免费提供壹台，含活接密封圈，货到现场2月支付至到货金额80%，竣工支付至结算金额95%，5%质保2年（如有需要，乙方接受配合甲方债权转让或抵消，以房屋等资产抵偿等形式清偿材料款）
120,异径外丝直通,"DN40×1""",,,,,个,8,19.24,153.92,21.7412,173.9296,共同,2025.7.7，相应机具免费提供壹台，含活接密封圈，货到现场2月支付至到货金额80%，竣工支付至结算金额95%，5%质保2年（如有需要，乙方接受配合甲方债权转让或抵消，以房屋等资产抵偿等形式清偿材料款）
121,异径外丝直通,DN40×1½,,,,,个,8,21.56,172.48,24.3628,194.9024,共同,2025.7.7，相应机具免费提供壹台，含活接密封圈，货到现场2月支付至到货金额80%，竣工支付至结算金额95%，5%质保2年（如有需要，乙方接受配合甲方债权转让或抵消，以房屋等资产抵偿等形式清偿材料款）
122,异径外丝直通,DN50×½,,,,,个,8,21.3,170.4,24.069,192.552,共同,2025.7.7，相应机具免费提供壹台，含活接密封圈，货到现场2月支付至到货金额80%，竣工支付至结算金额95%，5%质保2年（如有需要，乙方接受配合甲方债权转让或抵消，以房屋等资产抵偿等形式清偿材料款）
123,异径外丝直通,DN50×¾,,,,,个,8,22.49,179.92,25.4137,203.3096,共同,2025.7.7，相应机具免费提供壹台，含活接密封圈，货到现场2月支付至到货金额80%，竣工支付至结算金额95%，5%质保2年（如有需要，乙方接受配合甲方债权转让或抵消，以房屋等资产抵偿等形式清偿材料款）
124,异径外丝直通,"DN50×1""",,,,,个,8,25.61,204.88,28.9393,231.5144,共同,2025.7.7，相应机具免费提供壹台，含活接密封圈，货到现场2月支付至到货金额80%，竣工支付至结算金额95%，5%质保2年（如有需要，乙方接受配合甲方债权转让或抵消，以房屋等资产抵偿等形式清偿材料款）
125,异径外丝直通,DN50×1¼,,,,,个,8,28,224,31.64,253.12,共同,2025.7.7，相应机具免费提供壹台，含活接密封圈，货到现场2月支付至到货金额80%，竣工支付至结算金额95%，5%质保2年（如有需要，乙方接受配合甲方债权转让或抵消，以房屋等资产抵偿等形式清偿材料款）
126,异径外丝直通,DN50×1½,,,,,个,8,30.55,244.4,34.5215,276.172,共同,2025.7.7，相应机具免费提供壹台，含活接密封圈，货到现场2月支付至到货金额80%，竣工支付至结算金额95%，5%质保2年（如有需要，乙方接受配合甲方债权转让或抵消，以房屋等资产抵偿等形式清偿材料款）
127,异径外丝直通,DN60×½,,,,,个,8,29.37,234.96,33.1881,265.5048,共同,2025.7.7，相应机具免费提供壹台，含活接密封圈，货到现场2月支付至到货金额80%，竣工支付至结算金额95%，5%质保2年（如有需要，乙方接受配合甲方债权转让或抵消，以房屋等资产抵偿等形式清偿材料款）
128,异径外丝直通,DN60×¾,,,,,个,8,30.71,245.68,34.7023,277.6184,共同,2025.7.7，相应机具免费提供壹台，含活接密封圈，货到现场2月支付至到货金额80%，竣工支付至结算金额95%，5%质保2年（如有需要，乙方接受配合甲方债权转让或抵消，以房屋等资产抵偿等形式清偿材料款）
129,异径外丝直通,"DN60×1""",,,,,个,8,33.83,270.64,38.2279,305.8232,共同,2025.7.7，相应机具免费提供壹台，含活接密封圈，货到现场2月支付至到货金额80%，竣工支付至结算金额95%，5%质保2年（如有需要，乙方接受配合甲方债权转让或抵消，以房屋等资产抵偿等形式清偿材料款）
130,异径外丝直通,DN60×1¼,,,,,个,8,36.08,288.64,40.7704,326.1632,共同,2025.7.7，相应机具免费提供壹台，含活接密封圈，货到现场2月支付至到货金额80%，竣工支付至结算金额95%，5%质保2年（如有需要，乙方接受配合甲方债权转让或抵消，以房屋等资产抵偿等形式清偿材料款）
131,异径外丝直通,DN60×1½,,,,,个,8,38.85,310.8,43.9005,351.204,共同,2025.7.7，相应机具免费提供壹台，含活接密封圈，货到现场2月支付至到货金额80%，竣工支付至结算金额95%，5%质保2年（如有需要，乙方接受配合甲方债权转让或抵消，以房屋等资产抵偿等形式清偿材料款）
132,异径外丝直通,"DN60×2""",,,,,个,8,42.61,340.88,48.1493,385.1944,共同,2025.7.7，相应机具免费提供壹台，含活接密封圈，货到现场2月支付至到货金额80%，竣工支付至结算金额95%，5%质保2年（如有需要，乙方接受配合甲方债权转让或抵消，以房屋等资产抵偿等形式清偿材料款）
133,异径外丝直通,DN65×½,,,,,个,8,42.92,343.36,48.4996,387.9968,共同,2025.7.7，相应机具免费提供壹台，含活接密封圈，货到现场2月支付至到货金额80%，竣工支付至结算金额95%，5%质保2年（如有需要，乙方接受配合甲方债权转让或抵消，以房屋等资产抵偿等形式清偿材料款）
134,异径外丝直通,DN65×¾,,,,,个,8,44.18,353.44,49.9234,399.3872,共同,2025.7.7，相应机具免费提供壹台，含活接密封圈，货到现场2月支付至到货金额80%，竣工支付至结算金额95%，5%质保2年（如有需要，乙方接受配合甲方债权转让或抵消，以房屋等资产抵偿等形式清偿材料款）
135,异径外丝直通,"DN65×1""",,,,,个,8,47.32,378.56,53.4716,427.7728,共同,2025.7.7，相应机具免费提供壹台，含活接密封圈，货到现场2月支付至到货金额80%，竣工支付至结算金额95%，5%质保2年（如有需要，乙方接受配合甲方债权转让或抵消，以房屋等资产抵偿等形式清偿材料款）
136,异径外丝直通,DN65×1¼,,,,,个,8,49.55,396.4,55.9915,447.932,共同,2025.7.7，相应机具免费提供壹台，含活接密封圈，货到现场2月支付至到货金额80%，竣工支付至结算金额95%，5%质保2年（如有需要，乙方接受配合甲方债权转让或抵消，以房屋等资产抵偿等形式清偿材料款）
137,异径外丝直通,DN65×1½,,,,,个,8,52.34,418.72,59.1442,473.1536,共同,2025.7.7，相应机具免费提供壹台，含活接密封圈，货到现场2月支付至到货金额80%，竣工支付至结算金额95%，5%质保2年（如有需要，乙方接受配合甲方债权转让或抵消，以房屋等资产抵偿等形式清偿材料款）
138,异径外丝直通,"DN65×2""",,,,,个,8,56.73,453.84,64.1049,512.8392,共同,2025.7.7，相应机具免费提供壹台，含活接密封圈，货到现场2月支付至到货金额80%，竣工支付至结算金额95%，5%质保2年（如有需要，乙方接受配合甲方债权转让或抵消，以房屋等资产抵偿等形式清偿材料款）
139,异径外丝直通,DN80×½,,,,,个,8,52.87,422.96,59.7431,477.9448,共同,2025.7.7，相应机具免费提供壹台，含活接密封圈，货到现场2月支付至到货金额80%，竣工支付至结算金额95%，5%质保2年（如有需要，乙方接受配合甲方债权转让或抵消，以房屋等资产抵偿等形式清偿材料款）
140,异径外丝直通,DN80×¾,,,,,个,8,56.35,450.8,63.6755,509.404,共同,2025.7.7，相应机具免费提供壹台，含活接密封圈，货到现场2月支付至到货金额80%，竣工支付至结算金额95%，5%质保2年（如有需要，乙方接受配合甲方债权转让或抵消，以房屋等资产抵偿等形式清偿材料款）
141,异径外丝直通,"DN80×1""",,,,,个,8,59.6,476.8,67.348,538.784,共同,2025.7.7，相应机具免费提供壹台，含活接密封圈，货到现场2月支付至到货金额80%，竣工支付至结算金额95%，5%质保2年（如有需要，乙方接受配合甲方债权转让或抵消，以房屋等资产抵偿等形式清偿材料款）
142,异径外丝直通,DN80×1¼,,,,,个,8,61.7,493.6,69.721,557.768,共同,2025.7.7，相应机具免费提供壹台，含活接密封圈，货到现场2月支付至到货金额80%，竣工支付至结算金额95%，5%质保2年（如有需要，乙方接受配合甲方债权转让或抵消，以房屋等资产抵偿等形式清偿材料款）
143,异径外丝直通,DN80×1½,,,,,个,8,66,528,74.58,596.64,共同,2025.7.7，相应机具免费提供壹台，含活接密封圈，货到现场2月支付至到货金额80%，竣工支付至结算金额95%，5%质保2年（如有需要，乙方接受配合甲方债权转让或抵消，以房屋等资产抵偿等形式清偿材料款）
144,异径外丝直通,"DN80×2""",,,,,个,8,69.96,559.68,79.0548,632.4384,共同,2025.7.7，相应机具免费提供壹台，含活接密封圈，货到现场2月支付至到货金额80%，竣工支付至结算金额95%，5%质保2年（如有需要，乙方接受配合甲方债权转让或抵消，以房屋等资产抵偿等形式清偿材料款）
145,90度弯头,DN15,,,,,个,8,3.12,24.96,3.5256,28.2048,共同,2025.7.7，相应机具免费提供壹台，含活接密封圈，货到现场2月支付至到货金额80%，竣工支付至结算金额95%，5%质保2年（如有需要，乙方接受配合甲方债权转让或抵消，以房屋等资产抵偿等形式清偿材料款）
146,90度弯头,DN20,,,,,个,8,4.58,36.64,5.1754,41.4032,共同,2025.7.7，相应机具免费提供壹台，含活接密封圈，货到现场2月支付至到货金额80%，竣工支付至结算金额95%，5%质保2年（如有需要，乙方接受配合甲方债权转让或抵消，以房屋等资产抵偿等形式清偿材料款）
147,90度弯头,DN25,,,,,个,8,6.82,54.56,7.7066,61.6528,共同,2025.7.7，相应机具免费提供壹台，含活接密封圈，货到现场2月支付至到货金额80%，竣工支付至结算金额95%，5%质保2年（如有需要，乙方接受配合甲方债权转让或抵消，以房屋等资产抵偿等形式清偿材料款）
148,90度弯头,DN32,,,,,个,8,11.12,88.96,12.5656,100.5248,共同,2025.7.7，相应机具免费提供壹台，含活接密封圈，货到现场2月支付至到货金额80%，竣工支付至结算金额95%，5%质保2年（如有需要，乙方接受配合甲方债权转让或抵消，以房屋等资产抵偿等形式清偿材料款）
149,90度弯头,DN40,,,,,个,8,17.16,137.28,19.3908,155.1264,共同,2025.7.7，相应机具免费提供壹台，含活接密封圈，货到现场2月支付至到货金额80%，竣工支付至结算金额95%，5%质保2年（如有需要，乙方接受配合甲方债权转让或抵消，以房屋等资产抵偿等形式清偿材料款）
150,90度弯头,DN50,,,,,个,8,26.24,209.92,29.6512,237.2096,共同,2025.7.7，相应机具免费提供壹台，含活接密封圈，货到现场2月支付至到货金额80%，竣工支付至结算金额95%，5%质保2年（如有需要，乙方接受配合甲方债权转让或抵消，以房屋等资产抵偿等形式清偿材料款）
151,90度弯头,DN60,,,,,个,8,72.95,583.6,82.4335,659.468,共同,2025.7.7，相应机具免费提供壹台，含活接密封圈，货到现场2月支付至到货金额80%，竣工支付至结算金额95%，5%质保2年（如有需要，乙方接受配合甲方债权转让或抵消，以房屋等资产抵偿等形式清偿材料款）
152,90度弯头,DN65,,,,,个,8,100.7,805.6,113.791,910.328,共同,2025.7.7，相应机具免费提供壹台，含活接密封圈，货到现场2月支付至到货金额80%，竣工支付至结算金额95%，5%质保2年（如有需要，乙方接受配合甲方债权转让或抵消，以房屋等资产抵偿等形式清偿材料款）
153,90度弯头,DN80,,,,,个,8,119.25,954,134.7525,1078.02,共同,2025.7.7，相应机具免费提供壹台，含活接密封圈，货到现场2月支付至到货金额80%，竣工支付至结算金额95%，5%质保2年（如有需要，乙方接受配合甲方债权转让或抵消，以房屋等资产抵偿等形式清偿材料款）
154,90度沟槽弯头,DN100,,,,,个,8,159.91,1279.28,180.6983,1445.5864,共同,2025.7.7，相应机具免费提供壹台，含活接密封圈，货到现场2月支付至到货金额80%，竣工支付至结算金额95%，5%质保2年（如有需要，乙方接受配合甲方债权转让或抵消，以房屋等资产抵偿等形式清偿材料款）
155,90度沟槽弯头,DN150,,,,,个,8,419.44,3355.52,473.9672,3791.7376,共同,2025.7.7，相应机具免费提供壹台，含活接密封圈，货到现场2月支付至到货金额80%，竣工支付至结算金额95%，5%质保2年（如有需要，乙方接受配合甲方债权转让或抵消，以房屋等资产抵偿等形式清偿材料款）
156,90度沟槽弯头,DN200,,,,,个,8,562.16,4497.28,635.2408,5081.9264,共同,2025.7.7，相应机具免费提供壹台，含活接密封圈，货到现场2月支付至到货金额80%，竣工支付至结算金额95%，5%质保2年（如有需要，乙方接受配合甲方债权转让或抵消，以房屋等资产抵偿等形式清偿材料款）
157,90度沟槽弯头,DN250,,,,,个,8,882.53,7060.24,997.2589,7978.0712,共同,2025.7.7，相应机具免费提供壹台，含活接密封圈，货到现场2月支付至到货金额80%，竣工支付至结算金额95%，5%质保2年（如有需要，乙方接受配合甲方债权转让或抵消，以房屋等资产抵偿等形式清偿材料款）
158,90度内丝弯头,DN15×½,,,,,个,8,7.81,62.48,8.8253,70.6024,共同,2025.7.7，相应机具免费提供壹台，含活接密封圈，货到现场2月支付至到货金额80%，竣工支付至结算金额95%，5%质保2年（如有需要，乙方接受配合甲方债权转让或抵消，以房屋等资产抵偿等形式清偿材料款）
159,90度内丝弯头,DN20×¾,,,,,个,8,9.27,74.16,10.4751,83.8008,共同,2025.7.7，相应机具免费提供壹台，含活接密封圈，货到现场2月支付至到货金额80%，竣工支付至结算金额95%，5%质保2年（如有需要，乙方接受配合甲方债权转让或抵消，以房屋等资产抵偿等形式清偿材料款）
160,90度内丝弯头,"DN25×1""",,,,,个,8,14.36,114.88,16.2268,129.8144,共同,2025.7.7，相应机具免费提供壹台，含活接密封圈，货到现场2月支付至到货金额80%，竣工支付至结算金额95%，5%质保2年（如有需要，乙方接受配合甲方债权转让或抵消，以房屋等资产抵偿等形式清偿材料款）
161,90度内丝弯头,DN32×1¼,,,,,个,8,20.56,164.48,23.2328,185.8624,共同,2025.7.7，相应机具免费提供壹台，含活接密封圈，货到现场2月支付至到货金额80%，竣工支付至结算金额95%，5%质保2年（如有需要，乙方接受配合甲方债权转让或抵消，以房屋等资产抵偿等形式清偿材料款）
162,90度内丝弯头,DN40×1½,,,,,个,8,28,224,31.64,253.12,共同,2025.7.7，相应机具免费提供壹台，含活接密封圈，货到现场2月支付至到货金额80%，竣工支付至结算金额95%，5%质保2年（如有需要，乙方接受配合甲方债权转让或抵消，以房屋等资产抵偿等形式清偿材料款）
163,90度内丝弯头,"DN50×2""",,,,,个,8,38.91,311.28,43.9683,351.7464,共同,2025.7.7，相应机具免费提供壹台，含活接密封圈，货到现场2月支付至到货金额80%，竣工支付至结算金额95%，5%质保2年（如有需要，乙方接受配合甲方债权转让或抵消，以房屋等资产抵偿等形式清偿材料款）
164,90度外丝弯头,DN15×½,,,,,个,8,7.81,62.48,8.8253,70.6024,共同,2025.7.7，相应机具免费提供壹台，含活接密封圈，货到现场2月支付至到货金额80%，竣工支付至结算金额95%，5%质保2年（如有需要，乙方接受配合甲方债权转让或抵消，以房屋等资产抵偿等形式清偿材料款）
165,90度外丝弯头,DN20×¾,,,,,个,8,9.67,77.36,10.9271,87.4168,共同,2025.7.7，相应机具免费提供壹台，含活接密封圈，货到现场2月支付至到货金额80%，竣工支付至结算金额95%，5%质保2年（如有需要，乙方接受配合甲方债权转让或抵消，以房屋等资产抵偿等形式清偿材料款）
166,90度外丝弯头,"DN25×1""",,,,,个,8,14.43,115.44,16.3059,130.4472,共同,2025.7.7，相应机具免费提供壹台，含活接密封圈，货到现场2月支付至到货金额80%，竣工支付至结算金额95%，5%质保2年（如有需要，乙方接受配合甲方债权转让或抵消，以房屋等资产抵偿等形式清偿材料款）
167,90度外丝弯头,DN32×1¼,,,,,个,8,19.72,157.76,22.2836,178.2688,共同,2025.7.7，相应机具免费提供壹台，含活接密封圈，货到现场2月支付至到货金额80%，竣工支付至结算金额95%，5%质保2年（如有需要，乙方接受配合甲方债权转让或抵消，以房屋等资产抵偿等形式清偿材料款）
168,90度外丝弯头,DN40×1½,,,,,个,8,27.36,218.88,30.9168,247.3344,共同,2025.7.7，相应机具免费提供壹台，含活接密封圈，货到现场2月支付至到货金额80%，竣工支付至结算金额95%，5%质保2年（如有需要，乙方接受配合甲方债权转让或抵消，以房屋等资产抵偿等形式清偿材料款）
169,90度外丝弯头,"DN50×2""",,,,,个,8,37.48,299.84,42.3524,338.8192,共同,2025.7.7，相应机具免费提供壹台，含活接密封圈，货到现场2月支付至到货金额80%，竣工支付至结算金额95%，5%质保2年（如有需要，乙方接受配合甲方债权转让或抵消，以房屋等资产抵偿等形式清偿材料款）
170,45度弯头,DN15,,,,,个,8,3.2,25.6,3.616,28.928,共同,2025.7.7，相应机具免费提供壹台，含活接密封圈，货到现场2月支付至到货金额80%，竣工支付至结算金额95%，5%质保2年（如有需要，乙方接受配合甲方债权转让或抵消，以房屋等资产抵偿等形式清偿材料款）
171,45度弯头,DN20,,,,,个,8,4.36,34.88,4.9268,39.4144,共同,2025.7.7，相应机具免费提供壹台，含活接密封圈，货到现场2月支付至到货金额80%，竣工支付至结算金额95%，5%质保2年（如有需要，乙方接受配合甲方债权转让或抵消，以房屋等资产抵偿等形式清偿材料款）
172,45度弯头,DN25,,,,,个,8,6.25,50,7.0625,56.5,共同,2025.7.7，相应机具免费提供壹台，含活接密封圈，货到现场2月支付至到货金额80%，竣工支付至结算金额95%，5%质保2年（如有需要，乙方接受配合甲方债权转让或抵消，以房屋等资产抵偿等形式清偿材料款）
173,45度弯头,DN32,,,,,个,8,10.64,85.12,12.0232,96.1856,共同,2025.7.7，相应机具免费提供壹台，含活接密封圈，货到现场2月支付至到货金额80%，竣工支付至结算金额95%，5%质保2年（如有需要，乙方接受配合甲方债权转让或抵消，以房屋等资产抵偿等形式清偿材料款）
174,45度弯头,DN40,,,,,个,8,15.27,122.16,17.2551,138.0408,共同,2025.7.7，相应机具免费提供壹台，含活接密封圈，货到现场2月支付至到货金额80%，竣工支付至结算金额95%，5%质保2年（如有需要，乙方接受配合甲方债权转让或抵消，以房屋等资产抵偿等形式清偿材料款）
175,45度弯头,DN50,,,,,个,8,23.56,188.48,26.6228,212.9824,共同,2025.7.7，相应机具免费提供壹台，含活接密封圈，货到现场2月支付至到货金额80%，竣工支付至结算金额95%，5%质保2年（如有需要，乙方接受配合甲方债权转让或抵消，以房屋等资产抵偿等形式清偿材料款）
176,45度弯头,DN60,,,,,个,8,52.65,421.2,59.4945,475.956,共同,2025.7.7，相应机具免费提供壹台，含活接密封圈，货到现场2月支付至到货金额80%，竣工支付至结算金额95%，5%质保2年（如有需要，乙方接受配合甲方债权转让或抵消，以房屋等资产抵偿等形式清偿材料款）
177,45度弯头,DN65,,,,,个,8,76.81,614.48,86.7953,694.3624,共同,2025.7.7，相应机具免费提供壹台，含活接密封圈，货到现场2月支付至到货金额80%，竣工支付至结算金额95%，5%质保2年（如有需要，乙方接受配合甲方债权转让或抵消，以房屋等资产抵偿等形式清偿材料款）
178,45度弯头,DN80,,,,,个,8,91.38,731.04,103.2594,826.0752,共同,2025.7.7，相应机具免费提供壹台，含活接密封圈，货到现场2月支付至到货金额80%，竣工支付至结算金额95%，5%质保2年（如有需要，乙方接受配合甲方债权转让或抵消，以房屋等资产抵偿等形式清偿材料款）
179,45度弯头,DN100,,,,,个,8,119.24,953.92,134.7412,1077.9296,共同,2025.7.7，相应机具免费提供壹台，含活接密封圈，货到现场2月支付至到货金额80%，竣工支付至结算金额95%，5%质保2年（如有需要，乙方接受配合甲方债权转让或抵消，以房屋等资产抵偿等形式清偿材料款）
180,45度弯头,DN15,,,,,个,8,3.2,25.6,3.616,28.928,共同,2025.7.7，相应机具免费提供壹台，含活接密封圈，货到现场2月支付至到货金额80%，竣工支付至结算金额95%，5%质保2年（如有需要，乙方接受配合甲方债权转让或抵消，以房屋等资产抵偿等形式清偿材料款）
181,45度弯头,DN20,,,,,个,8,4.36,34.88,4.9268,39.4144,共同,2025.7.7，相应机具免费提供壹台，含活接密封圈，货到现场2月支付至到货金额80%，竣工支付至结算金额95%，5%质保2年（如有需要，乙方接受配合甲方债权转让或抵消，以房屋等资产抵偿等形式清偿材料款）
182,45度弯头,DN25,,,,,个,8,6.25,50,7.0625,56.5,共同,2025.7.7，相应机具免费提供壹台，含活接密封圈，货到现场2月支付至到货金额80%，竣工支付至结算金额95%，5%质保2年（如有需要，乙方接受配合甲方债权转让或抵消，以房屋等资产抵偿等形式清偿材料款）
183,45度弯头,DN32,,,,,个,8,10.64,85.12,12.0232,96.1856,共同,2025.7.7，相应机具免费提供壹台，含活接密封圈，货到现场2月支付至到货金额80%，竣工支付至结算金额95%，5%质保2年（如有需要，乙方接受配合甲方债权转让或抵消，以房屋等资产抵偿等形式清偿材料款）
184,45度弯头,DN40,,,,,个,8,15.27,122.16,17.2551,138.0408,共同,2025.7.7，相应机具免费提供壹台，含活接密封圈，货到现场2月支付至到货金额80%，竣工支付至结算金额95%，5%质保2年（如有需要，乙方接受配合甲方债权转让或抵消，以房屋等资产抵偿等形式清偿材料款）
185,45度弯头,DN50,,,,,个,8,23.56,188.48,26.6228,212.9824,共同,2025.7.7，相应机具免费提供壹台，含活接密封圈，货到现场2月支付至到货金额80%，竣工支付至结算金额95%，5%质保2年（如有需要，乙方接受配合甲方债权转让或抵消，以房屋等资产抵偿等形式清偿材料款）
186,45度弯头,DN60,,,,,个,8,52.65,421.2,59.4945,475.956,共同,2025.7.7，相应机具免费提供壹台，含活接密封圈，货到现场2月支付至到货金额80%，竣工支付至结算金额95%，5%质保2年（如有需要，乙方接受配合甲方债权转让或抵消，以房屋等资产抵偿等形式清偿材料款）
187,45度弯头,DN65,,,,,个,8,76.81,614.48,86.7953,694.3624,共同,2025.7.7，相应机具免费提供壹台，含活接密封圈，货到现场2月支付至到货金额80%，竣工支付至结算金额95%，5%质保2年（如有需要，乙方接受配合甲方债权转让或抵消，以房屋等资产抵偿等形式清偿材料款）
188,45度弯头,DN80,,,,,个,8,91.38,731.04,103.2594,826.0752,共同,2025.7.7，相应机具免费提供壹台，含活接密封圈，货到现场2月支付至到货金额80%，竣工支付至结算金额95%，5%质保2年（如有需要，乙方接受配合甲方债权转让或抵消，以房屋等资产抵偿等形式清偿材料款）
189,45度沟槽弯头,DN100,,,,,个,8,119.24,953.92,134.7412,1077.9296,共同,2025.7.7，相应机具免费提供壹台，含活接密封圈，货到现场2月支付至到货金额80%，竣工支付至结算金额95%，5%质保2年（如有需要，乙方接受配合甲方债权转让或抵消，以房屋等资产抵偿等形式清偿材料款）
190,45度沟槽弯头,DN150,,,,,个,8,232.73,1861.84,262.9849,2103.8792,共同,2025.7.7，相应机具免费提供壹台，含活接密封圈，货到现场2月支付至到货金额80%，竣工支付至结算金额95%，5%质保2年（如有需要，乙方接受配合甲方债权转让或抵消，以房屋等资产抵偿等形式清偿材料款）
191,45度沟槽弯头,DN200,,,,,个,8,307.93,2463.44,347.9609,2783.6872,共同,2025.7.7，相应机具免费提供壹台，含活接密封圈，货到现场2月支付至到货金额80%，竣工支付至结算金额95%，5%质保2年（如有需要，乙方接受配合甲方债权转让或抵消，以房屋等资产抵偿等形式清偿材料款）
192,45度沟槽弯头,DN250,,,,,个,8,447.48,3579.84,505.6524,4045.2192,共同,2025.7.7，相应机具免费提供壹台，含活接密封圈，货到现场2月支付至到货金额80%，竣工支付至结算金额95%，5%质保2年（如有需要，乙方接受配合甲方债权转让或抵消，以房屋等资产抵偿等形式清偿材料款）
193,90度异径弯头,DN20×15,,,,,个,8,3.92,31.36,4.4296,35.4368,共同,2025.7.7，相应机具免费提供壹台，含活接密封圈，货到现场2月支付至到货金额80%，竣工支付至结算金额95%，5%质保2年（如有需要，乙方接受配合甲方债权转让或抵消，以房屋等资产抵偿等形式清偿材料款）
194,90度异径弯头,DN25×15,,,,,个,8,4.96,39.68,5.6048,44.8384,共同,2025.7.7，相应机具免费提供壹台，含活接密封圈，货到现场2月支付至到货金额80%，竣工支付至结算金额95%，5%质保2年（如有需要，乙方接受配合甲方债权转让或抵消，以房屋等资产抵偿等形式清偿材料款）
195,90度异径弯头,DN25×20,,,,,个,8,5.4,43.2,6.102,48.816,共同,2025.7.7，相应机具免费提供壹台，含活接密封圈，货到现场2月支付至到货金额80%，竣工支付至结算金额95%，5%质保2年（如有需要，乙方接受配合甲方债权转让或抵消，以房屋等资产抵偿等形式清偿材料款）
196,90度异径弯头,DN32×15,,,,,个,8,6.32,50.56,7.1416,57.1328,共同,2025.7.7，相应机具免费提供壹台，含活接密封圈，货到现场2月支付至到货金额80%，竣工支付至结算金额95%，5%质保2年（如有需要，乙方接受配合甲方债权转让或抵消，以房屋等资产抵偿等形式清偿材料款）
197,90度异径弯头,DN32×20,,,,,个,8,6.77,54.16,7.6501,61.2008,共同,2025.7.7，相应机具免费提供壹台，含活接密封圈，货到现场2月支付至到货金额80%，竣工支付至结算金额95%，5%质保2年（如有需要，乙方接受配合甲方债权转让或抵消，以房屋等资产抵偿等形式清偿材料款）
198,90度异径弯头,DN32×25,,,,,个,8,7.95,63.6,8.9835,71.868,共同,2025.7.7，相应机具免费提供壹台，含活接密封圈，货到现场2月支付至到货金额80%，竣工支付至结算金额95%，5%质保2年（如有需要，乙方接受配合甲方债权转让或抵消，以房屋等资产抵偿等形式清偿材料款）
199,90度异径弯头,DN40×15,,,,,个,8,8.14,65.12,9.1982,73.5856,共同,2025.7.7，相应机具免费提供壹台，含活接密封圈，货到现场2月支付至到货金额80%，竣工支付至结算金额95%，5%质保2年（如有需要，乙方接受配合甲方债权转让或抵消，以房屋等资产抵偿等形式清偿材料款）
200,90度异径弯头,DN40×20,,,,,个,8,8.7,69.6,9.831,78.648,共同,2025.7.7，相应机具免费提供壹台，含活接密封圈，货到现场2月支付至到货金额80%，竣工支付至结算金额95%，5%质保2年（如有需要，乙方接受配合甲方债权转让或抵消，以房屋等资产抵偿等形式清偿材料款）
201,90度异径弯头,DN40×25,,,,,个,8,9.92,79.36,11.2096,89.6768,共同,2025.7.7，相应机具免费提供壹台，含活接密封圈，货到现场2月支付至到货金额80%，竣工支付至结算金额95%，5%质保2年（如有需要，乙方接受配合甲方债权转让或抵消，以房屋等资产抵偿等形式清偿材料款）
202,90度异径弯头,DN40×32,,,,,个,8,11.27,90.16,12.7351,101.8808,共同,2025.7.7，相应机具免费提供壹台，含活接密封圈，货到现场2月支付至到货金额80%，竣工支付至结算金额95%，5%质保2年（如有需要，乙方接受配合甲方债权转让或抵消，以房屋等资产抵偿等形式清偿材料款）
203,90度异径弯头,DN50×15,,,,,个,8,12.2,97.6,13.786,110.288,共同,2025.7.7，相应机具免费提供壹台，含活接密封圈，货到现场2月支付至到货金额80%，竣工支付至结算金额95%，5%质保2年（如有需要，乙方接受配合甲方债权转让或抵消，以房屋等资产抵偿等形式清偿材料款）
204,90度异径弯头,DN50×20,,,,,个,8,12.7,101.6,14.351,114.808,共同,2025.7.7，相应机具免费提供壹台，含活接密封圈，货到现场2月支付至到货金额80%，竣工支付至结算金额95%，5%质保2年（如有需要，乙方接受配合甲方债权转让或抵消，以房屋等资产抵偿等形式清偿材料款）
205,90度异径弯头,DN50×25,,,,,个,8,13.82,110.56,15.6166,124.9328,共同,2025.7.7，相应机具免费提供壹台，含活接密封圈，货到现场2月支付至到货金额80%，竣工支付至结算金额95%，5%质保2年（如有需要，乙方接受配合甲方债权转让或抵消，以房屋等资产抵偿等形式清偿材料款）
206,90度异径弯头,DN50×32,,,,,个,8,15.44,123.52,17.4472,139.5776,共同,2025.7.7，相应机具免费提供壹台，含活接密封圈，货到现场2月支付至到货金额80%，竣工支付至结算金额95%，5%质保2年（如有需要，乙方接受配合甲方债权转让或抵消，以房屋等资产抵偿等形式清偿材料款）
207,90度异径弯头,DN50×40,,,,,个,8,17.57,140.56,19.8541,158.8328,共同,2025.7.7，相应机具免费提供壹台，含活接密封圈，货到现场2月支付至到货金额80%，竣工支付至结算金额95%，5%质保2年（如有需要，乙方接受配合甲方债权转让或抵消，以房屋等资产抵偿等形式清偿材料款）
208,90度异径弯头,DN60×15,,,,,个,8,19.68,157.44,22.2384,177.9072,共同,2025.7.7，相应机具免费提供壹台，含活接密封圈，货到现场2月支付至到货金额80%，竣工支付至结算金额95%，5%质保2年（如有需要，乙方接受配合甲方债权转让或抵消，以房屋等资产抵偿等形式清偿材料款）
209,90度异径弯头,DN60×20,,,,,个,8,20.15,161.2,22.7695,182.156,共同,2025.7.7，相应机具免费提供壹台，含活接密封圈，货到现场2月支付至到货金额80%，竣工支付至结算金额95%，5%质保2年（如有需要，乙方接受配合甲方债权转让或抵消，以房屋等资产抵偿等形式清偿材料款）
210,90度异径弯头,DN60×25,,,,,个,8,23.4,187.2,26.442,211.536,共同,2025.7.7，相应机具免费提供壹台，含活接密封圈，货到现场2月支付至到货金额80%，竣工支付至结算金额95%，5%质保2年（如有需要，乙方接受配合甲方债权转让或抵消，以房屋等资产抵偿等形式清偿材料款）
211,90度异径弯头,DN60×32,,,,,个,8,24.88,199.04,28.1144,224.9152,共同,2025.7.7，相应机具免费提供壹台，含活接密封圈，货到现场2月支付至到货金额80%，竣工支付至结算金额95%，5%质保2年（如有需要，乙方接受配合甲方债权转让或抵消，以房屋等资产抵偿等形式清偿材料款）
212,90度异径弯头,DN60×40,,,,,个,8,26.1,208.8,29.493,235.944,共同,2025.7.7，相应机具免费提供壹台，含活接密封圈，货到现场2月支付至到货金额80%，竣工支付至结算金额95%，5%质保2年（如有需要，乙方接受配合甲方债权转让或抵消，以房屋等资产抵偿等形式清偿材料款）
213,90度异径弯头,DN60×50,,,,,个,8,30.1,240.8,34.013,272.104,共同,2025.7.7，相应机具免费提供壹台，含活接密封圈，货到现场2月支付至到货金额80%，竣工支付至结算金额95%，5%质保2年（如有需要，乙方接受配合甲方债权转让或抵消，以房屋等资产抵偿等形式清偿材料款）
214,90度异径弯头,DN65×15,,,,,个,8,27.56,220.48,31.1428,249.1424,共同,2025.7.7，相应机具免费提供壹台，含活接密封圈，货到现场2月支付至到货金额80%，竣工支付至结算金额95%，5%质保2年（如有需要，乙方接受配合甲方债权转让或抵消，以房屋等资产抵偿等形式清偿材料款）
215,90度异径弯头,DN65×20,,,,,个,8,28.02,224.16,31.6626,253.3008,共同,2025.7.7，相应机具免费提供壹台，含活接密封圈，货到现场2月支付至到货金额80%，竣工支付至结算金额95%，5%质保2年（如有需要，乙方接受配合甲方债权转让或抵消，以房屋等资产抵偿等形式清偿材料款）
216,90度异径弯头,DN65×25,,,,,个,8,31.52,252.16,35.6176,284.9408,共同,2025.7.7，相应机具免费提供壹台，含活接密封圈，货到现场2月支付至到货金额80%，竣工支付至结算金额95%，5%质保2年（如有需要，乙方接受配合甲方债权转让或抵消，以房屋等资产抵偿等形式清偿材料款）
217,90度异径弯头,DN65×32,,,,,个,8,32.91,263.28,37.1883,297.5064,共同,2025.7.7，相应机具免费提供壹台，含活接密封圈，货到现场2月支付至到货金额80%，竣工支付至结算金额95%，5%质保2年（如有需要，乙方接受配合甲方债权转让或抵消，以房屋等资产抵偿等形式清偿材料款）
218,90度异径弯头,DN65×40,,,,,个,8,35.19,281.52,39.7647,318.1176,共同,2025.7.7，相应机具免费提供壹台，含活接密封圈，货到现场2月支付至到货金额80%，竣工支付至结算金额95%，5%质保2年（如有需要，乙方接受配合甲方债权转让或抵消，以房屋等资产抵偿等形式清偿材料款）
219,90度异径弯头,DN65×50,,,,,个,8,38.46,307.68,43.4598,347.6784,共同,2025.7.7，相应机具免费提供壹台，含活接密封圈，货到现场2月支付至到货金额80%，竣工支付至结算金额95%，5%质保2年（如有需要，乙方接受配合甲方债权转让或抵消，以房屋等资产抵偿等形式清偿材料款）
220,90度异径弯头,DN65×60,,,,,个,8,49.69,397.52,56.1497,449.1976,共同,2025.7.7，相应机具免费提供壹台，含活接密封圈，货到现场2月支付至到货金额80%，竣工支付至结算金额95%，5%质保2年（如有需要，乙方接受配合甲方债权转让或抵消，以房屋等资产抵偿等形式清偿材料款）
221,90度异径弯头,DN80×15,,,,,个,8,34.01,272.08,38.4313,307.4504,共同,2025.7.7，相应机具免费提供壹台，含活接密封圈，货到现场2月支付至到货金额80%，竣工支付至结算金额95%，5%质保2年（如有需要，乙方接受配合甲方债权转让或抵消，以房屋等资产抵偿等形式清偿材料款）
222,90度异径弯头,DN80×20,,,,,个,8,34.58,276.64,39.0754,312.6032,共同,2025.7.7，相应机具免费提供壹台，含活接密封圈，货到现场2月支付至到货金额80%，竣工支付至结算金额95%，5%质保2年（如有需要，乙方接受配合甲方债权转让或抵消，以房屋等资产抵偿等形式清偿材料款）
223,90度异径弯头,DN80×25,,,,,个,8,39.04,312.32,44.1152,352.9216,共同,2025.7.7，相应机具免费提供壹台，含活接密封圈，货到现场2月支付至到货金额80%，竣工支付至结算金额95%，5%质保2年（如有需要，乙方接受配合甲方债权转让或抵消，以房屋等资产抵偿等形式清偿材料款）
224,90度异径弯头,DN80×32,,,,,个,8,40.47,323.76,45.7311,365.8488,共同,2025.7.7，相应机具免费提供壹台，含活接密封圈，货到现场2月支付至到货金额80%，竣工支付至结算金额95%，5%质保2年（如有需要，乙方接受配合甲方债权转让或抵消，以房屋等资产抵偿等形式清偿材料款）
225,90度异径弯头,DN80×40,,,,,个,8,42.66,341.28,48.2058,385.6464,共同,2025.7.7，相应机具免费提供壹台，含活接密封圈，货到现场2月支付至到货金额80%，竣工支付至结算金额95%，5%质保2年（如有需要，乙方接受配合甲方债权转让或抵消，以房屋等资产抵偿等形式清偿材料款）
226,90度异径弯头,DN80×50,,,,,个,8,45.12,360.96,50.9856,407.8848,共同,2025.7.7，相应机具免费提供壹台，含活接密封圈，货到现场2月支付至到货金额80%，竣工支付至结算金额95%，5%质保2年（如有需要，乙方接受配合甲方债权转让或抵消，以房屋等资产抵偿等形式清偿材料款）
227,90度异径弯头,DN80×60,,,,,个,8,56.13,449.04,63.4269,507.4152,共同,2025.7.7，相应机具免费提供壹台，含活接密封圈，货到现场2月支付至到货金额80%，竣工支付至结算金额95%，5%质保2年（如有需要，乙方接受配合甲方债权转让或抵消，以房屋等资产抵偿等形式清偿材料款）
228,90度异径弯头,DN80×65,,,,,个,8,67.49,539.92,76.2637,610.1096,共同,2025.7.7，相应机具免费提供壹台，含活接密封圈，货到现场2月支付至到货金额80%，竣工支付至结算金额95%，5%质保2年（如有需要，乙方接受配合甲方债权转让或抵消，以房屋等资产抵偿等形式清偿材料款）
229,短内丝三通,DN15×½,,,,,个,8,9.72,77.76,10.9836,87.8688,共同,2025.7.7，相应机具免费提供壹台，含活接密封圈，货到现场2月支付至到货金额80%，竣工支付至结算金额95%，5%质保2年（如有需要，乙方接受配合甲方债权转让或抵消，以房屋等资产抵偿等形式清偿材料款）
230,短内丝三通,DN20×¾,,,,,个,8,12.27,98.16,13.8651,110.9208,共同,2025.7.7，相应机具免费提供壹台，含活接密封圈，货到现场2月支付至到货金额80%，竣工支付至结算金额95%，5%质保2年（如有需要，乙方接受配合甲方债权转让或抵消，以房屋等资产抵偿等形式清偿材料款）
231,短内丝三通,"DN25×1""",,,,,个,8,18.01,144.08,20.3513,162.8104,共同,2025.7.7，相应机具免费提供壹台，含活接密封圈，货到现场2月支付至到货金额80%，竣工支付至结算金额95%，5%质保2年（如有需要，乙方接受配合甲方债权转让或抵消，以房屋等资产抵偿等形式清偿材料款）
232,短内丝三通,DN32×1¼,,,,,个,8,24.81,198.48,28.0353,224.2824,共同,2025.7.7，相应机具免费提供壹台，含活接密封圈，货到现场2月支付至到货金额80%，竣工支付至结算金额95%，5%质保2年（如有需要，乙方接受配合甲方债权转让或抵消，以房屋等资产抵偿等形式清偿材料款）
233,短内丝三通,DN40×1½,,,,,个,8,32.78,262.24,37.0414,296.3312,共同,2025.7.7，相应机具免费提供壹台，含活接密封圈，货到现场2月支付至到货金额80%，竣工支付至结算金额95%，5%质保2年（如有需要，乙方接受配合甲方债权转让或抵消，以房屋等资产抵偿等形式清偿材料款）
234,短内丝三通,"DN50×2""",,,,,个,8,47.69,381.52,53.8897,431.1176,共同,2025.7.7，相应机具免费提供壹台，含活接密封圈，货到现场2月支付至到货金额80%，竣工支付至结算金额95%，5%质保2年（如有需要，乙方接受配合甲方债权转让或抵消，以房屋等资产抵偿等形式清偿材料款）
235,异径内丝弯头,DN20×½,,,,,个,8,8.42,67.36,9.5146,76.1168,共同,2025.7.7，相应机具免费提供壹台，含活接密封圈，货到现场2月支付至到货金额80%，竣工支付至结算金额95%，5%质保2年（如有需要，乙方接受配合甲方债权转让或抵消，以房屋等资产抵偿等形式清偿材料款）
236,异径内丝弯头,DN25×½,,,,,个,8,10.12,80.96,11.4356,91.4848,共同,2025.7.7，相应机具免费提供壹台，含活接密封圈，货到现场2月支付至到货金额80%，竣工支付至结算金额95%，5%质保2年（如有需要，乙方接受配合甲方债权转让或抵消，以房屋等资产抵偿等形式清偿材料款）
237,异径内丝弯头,DN25×¾,,,,,个,8,11.29,90.32,12.7577,102.0616,共同,2025.7.7，相应机具免费提供壹台，含活接密封圈，货到现场2月支付至到货金额80%，竣工支付至结算金额95%，5%质保2年（如有需要，乙方接受配合甲方债权转让或抵消，以房屋等资产抵偿等形式清偿材料款）
238,异径内丝弯头,DN32×½,,,,,个,8,12.53,100.24,14.1589,113.2712,共同,2025.7.7，相应机具免费提供壹台，含活接密封圈，货到现场2月支付至到货金额80%，竣工支付至结算金额95%，5%质保2年（如有需要，乙方接受配合甲方债权转让或抵消，以房屋等资产抵偿等形式清偿材料款）
239,异径内丝弯头,DN32×¾,,,,,个,8,13.81,110.48,15.6053,124.8424,共同,2025.7.7，相应机具免费提供壹台，含活接密封圈，货到现场2月支付至到货金额80%，竣工支付至结算金额95%，5%质保2年（如有需要，乙方接受配合甲方债权转让或抵消，以房屋等资产抵偿等形式清偿材料款）
240,异径内丝弯头,"DN32×1""",,,,,个,8,17.14,137.12,19.3682,154.9456,共同,2025.7.7，相应机具免费提供壹台，含活接密封圈，货到现场2月支付至到货金额80%，竣工支付至结算金额95%，5%质保2年（如有需要，乙方接受配合甲方债权转让或抵消，以房屋等资产抵偿等形式清偿材料款）
241,异径内丝弯头,DN40×½,,,,,个,8,15.73,125.84,17.7749,142.1992,共同,2025.7.7，相应机具免费提供壹台，含活接密封圈，货到现场2月支付至到货金额80%，竣工支付至结算金额95%，5%质保2年（如有需要，乙方接受配合甲方债权转让或抵消，以房屋等资产抵偿等形式清偿材料款）
242,异径内丝弯头,DN40×¾,,,,,个,8,17.08,136.64,19.3004,154.4032,共同,2025.7.7，相应机具免费提供壹台，含活接密封圈，货到现场2月支付至到货金额80%，竣工支付至结算金额95%，5%质保2年（如有需要，乙方接受配合甲方债权转让或抵消，以房屋等资产抵偿等形式清偿材料款）
243,异径内丝弯头,"DN40×1""",,,,,个,8,20.46,163.68,23.1198,184.9584,共同,2025.7.7，相应机具免费提供壹台，含活接密封圈，货到现场2月支付至到货金额80%，竣工支付至结算金额95%，5%质保2年（如有需要，乙方接受配合甲方债权转让或抵消，以房屋等资产抵偿等形式清偿材料款）
244,异径内丝弯头,DN40×1¼,,,,,个,8,23.2,185.6,26.216,209.728,共同,2025.7.7，相应机具免费提供壹台，含活接密封圈，货到现场2月支付至到货金额80%，竣工支付至结算金额95%，5%质保2年（如有需要，乙方接受配合甲方债权转让或抵消，以房屋等资产抵偿等形式清偿材料款）
245,异径内丝弯头,DN50×½,,,,,个,8,21.73,173.84,24.5549,196.4392,共同,2025.7.7，相应机具免费提供壹台，含活接密封圈，货到现场2月支付至到货金额80%，竣工支付至结算金额95%，5%质保2年（如有需要，乙方接受配合甲方债权转让或抵消，以房屋等资产抵偿等形式清偿材料款）
246,异径内丝弯头,DN50×¾,,,,,个,8,23.02,184.16,26.0126,208.1008,共同,2025.7.7，相应机具免费提供壹台，含活接密封圈，货到现场2月支付至到货金额80%，竣工支付至结算金额95%，5%质保2年（如有需要，乙方接受配合甲方债权转让或抵消，以房屋等资产抵偿等形式清偿材料款）
247,异径内丝弯头,"DN50×1""",,,,,个,8,26.24,209.92,29.6512,237.2096,共同,2025.7.7，相应机具免费提供壹台，含活接密封圈，货到现场2月支付至到货金额80%，竣工支付至结算金额95%，5%质保2年（如有需要，乙方接受配合甲方债权转让或抵消，以房屋等资产抵偿等形式清偿材料款）
248,异径内丝弯头,DN50×1¼,,,,,个,8,29.3,234.4,33.109,264.872,共同,2025.7.7，相应机具免费提供壹台，含活接密封圈，货到现场2月支付至到货金额80%，竣工支付至结算金额95%，5%质保2年（如有需要，乙方接受配合甲方债权转让或抵消，以房屋等资产抵偿等形式清偿材料款）
249,异径内丝弯头,DN50×1½,,,,,个,8,32.64,261.12,36.8832,295.0656,共同,2025.7.7，相应机具免费提供壹台，含活接密封圈，货到现场2月支付至到货金额80%，竣工支付至结算金额95%，5%质保2年（如有需要，乙方接受配合甲方债权转让或抵消，以房屋等资产抵偿等形式清偿材料款）
250,异径外丝弯头,DN20×½,,,,,个,8,5.05,40.4,5.7065,45.652,共同,2025.7.7，相应机具免费提供壹台，含活接密封圈，货到现场2月支付至到货金额80%，竣工支付至结算金额95%，5%质保2年（如有需要，乙方接受配合甲方债权转让或抵消，以房屋等资产抵偿等形式清偿材料款）
251,异径外丝弯头,DN25×½,,,,,个,8,6.07,48.56,6.8591,54.8728,共同,2025.7.7，相应机具免费提供壹台，含活接密封圈，货到现场2月支付至到货金额80%，竣工支付至结算金额95%，5%质保2年（如有需要，乙方接受配合甲方债权转让或抵消，以房屋等资产抵偿等形式清偿材料款）
252,异径外丝弯头,DN25×¾,,,,,个,8,6.74,53.92,7.6162,60.9296,共同,2025.7.7，相应机具免费提供壹台，含活接密封圈，货到现场2月支付至到货金额80%，竣工支付至结算金额95%，5%质保2年（如有需要，乙方接受配合甲方债权转让或抵消，以房屋等资产抵偿等形式清偿材料款）
253,异径外丝弯头,DN32×½,,,,,个,8,7.52,60.16,8.4976,67.9808,共同,2025.7.7，相应机具免费提供壹台，含活接密封圈，货到现场2月支付至到货金额80%，竣工支付至结算金额95%，5%质保2年（如有需要，乙方接受配合甲方债权转让或抵消，以房屋等资产抵偿等形式清偿材料款）
254,异径外丝弯头,DN32×¾,,,,,个,8,8.23,65.84,9.2999,74.3992,共同,2025.7.7，相应机具免费提供壹台，含活接密封圈，货到现场2月支付至到货金额80%，竣工支付至结算金额95%，5%质保2年（如有需要，乙方接受配合甲方债权转让或抵消，以房屋等资产抵偿等形式清偿材料款）
255,异径外丝弯头,"DN32×1""",,,,,个,8,9.88,79.04,11.1644,89.3152,共同,2025.7.7，相应机具免费提供壹台，含活接密封圈，货到现场2月支付至到货金额80%，竣工支付至结算金额95%，5%质保2年（如有需要，乙方接受配合甲方债权转让或抵消，以房屋等资产抵偿等形式清偿材料款）
256,异径外丝弯头,DN40×½,,,,,个,8,9.44,75.52,10.6672,85.3376,共同,2025.7.7，相应机具免费提供壹台，含活接密封圈，货到现场2月支付至到货金额80%，竣工支付至结算金额95%，5%质保2年（如有需要，乙方接受配合甲方债权转让或抵消，以房屋等资产抵偿等形式清偿材料款）
257,异径外丝弯头,DN40×¾,,,,,个,8,10.2,81.6,11.526,92.208,共同,2025.7.7，相应机具免费提供壹台，含活接密封圈，货到现场2月支付至到货金额80%，竣工支付至结算金额95%，5%质保2年（如有需要，乙方接受配合甲方债权转让或抵消，以房屋等资产抵偿等形式清偿材料款）
258,异径外丝弯头,"DN40×1""",,,,,个,8,11.87,94.96,13.4131,107.3048,共同,2025.7.7，相应机具免费提供壹台，含活接密封圈，货到现场2月支付至到货金额80%，竣工支付至结算金额95%，5%质保2年（如有需要，乙方接受配合甲方债权转让或抵消，以房屋等资产抵偿等形式清偿材料款）
259,异径外丝弯头,DN40×1¼,,,,,个,8,13.42,107.36,15.1646,121.3168,共同,2025.7.7，相应机具免费提供壹台，含活接密封圈，货到现场2月支付至到货金额80%，竣工支付至结算金额95%，5%质保2年（如有需要，乙方接受配合甲方债权转让或抵消，以房屋等资产抵偿等形式清偿材料款）
260,异径外丝弯头,DN50×½,,,,,个,8,13.04,104.32,14.7352,117.8816,共同,2025.7.7，相应机具免费提供壹台，含活接密封圈，货到现场2月支付至到货金额80%，竣工支付至结算金额95%，5%质保2年（如有需要，乙方接受配合甲方债权转让或抵消，以房屋等资产抵偿等形式清偿材料款）
261,异径外丝弯头,DN50×¾,,,,,个,8,13.76,110.08,15.5488,124.3904,共同,2025.7.7，相应机具免费提供壹台，含活接密封圈，货到现场2月支付至到货金额80%，竣工支付至结算金额95%，5%质保2年（如有需要，乙方接受配合甲方债权转让或抵消，以房屋等资产抵偿等形式清偿材料款）
262,异径外丝弯头,"DN50×1""",,,,,个,8,15.34,122.72,17.3342,138.6736,共同,2025.7.7，相应机具免费提供壹台，含活接密封圈，货到现场2月支付至到货金额80%，竣工支付至结算金额95%，5%质保2年（如有需要，乙方接受配合甲方债权转让或抵消，以房屋等资产抵偿等形式清偿材料款）
263,异径外丝弯头,DN50×1¼,,,,,个,8,17.09,136.72,19.3117,154.4936,共同,2025.7.7，相应机具免费提供壹台，含活接密封圈，货到现场2月支付至到货金额80%，竣工支付至结算金额95%，5%质保2年（如有需要，乙方接受配合甲方债权转让或抵消，以房屋等资产抵偿等形式清偿材料款）
264,异径外丝弯头,DN50×1½,,,,,个,8,19.16,153.28,21.6508,173.2064,共同,2025.7.7，相应机具免费提供壹台，含活接密封圈，货到现场2月支付至到货金额80%，竣工支付至结算金额95%，5%质保2年（如有需要，乙方接受配合甲方债权转让或抵消，以房屋等资产抵偿等形式清偿材料款）
265,三通,DN15,,,,,个,8,6.23,49.84,7.0399,56.3192,共同,2025.7.7，相应机具免费提供壹台，含活接密封圈，货到现场2月支付至到货金额80%，竣工支付至结算金额95%，5%质保2年（如有需要，乙方接受配合甲方债权转让或抵消，以房屋等资产抵偿等形式清偿材料款）
266,三通,DN20,,,,,个,8,8.14,65.12,9.1982,73.5856,共同,2025.7.7，相应机具免费提供壹台，含活接密封圈，货到现场2月支付至到货金额80%，竣工支付至结算金额95%，5%质保2年（如有需要，乙方接受配合甲方债权转让或抵消，以房屋等资产抵偿等形式清偿材料款）
267,三通,DN25,,,,,个,8,10.9,87.2,12.317,98.536,共同,2025.7.7，相应机具免费提供壹台，含活接密封圈，货到现场2月支付至到货金额80%，竣工支付至结算金额95%，5%质保2年（如有需要，乙方接受配合甲方债权转让或抵消，以房屋等资产抵偿等形式清偿材料款）
268,三通,DN32,,,,,个,8,15.42,123.36,17.4246,139.3968,共同,2025.7.7，相应机具免费提供壹台，含活接密封圈，货到现场2月支付至到货金额80%，竣工支付至结算金额95%，5%质保2年（如有需要，乙方接受配合甲方债权转让或抵消，以房屋等资产抵偿等形式清偿材料款）
269,三通,DN40,,,,,个,8,21.93,175.44,24.7809,198.2472,共同,2025.7.7，相应机具免费提供壹台，含活接密封圈，货到现场2月支付至到货金额80%，竣工支付至结算金额95%，5%质保2年（如有需要，乙方接受配合甲方债权转让或抵消，以房屋等资产抵偿等形式清偿材料款）
270,三通,DN50,,,,,个,8,36.87,294.96,41.6631,333.3048,共同,2025.7.7，相应机具免费提供壹台，含活接密封圈，货到现场2月支付至到货金额80%，竣工支付至结算金额95%，5%质保2年（如有需要，乙方接受配合甲方债权转让或抵消，以房屋等资产抵偿等形式清偿材料款）
271,三通,DN60,,,,,个,8,68.22,545.76,77.0886,616.7088,共同,2025.7.7，相应机具免费提供壹台，含活接密封圈，货到现场2月支付至到货金额80%，竣工支付至结算金额95%，5%质保2年（如有需要，乙方接受配合甲方债权转让或抵消，以房屋等资产抵偿等形式清偿材料款）
272,三通,DN65,,,,,个,8,101.64,813.12,114.8532,918.8256,共同,2025.7.7，相应机具免费提供壹台，含活接密封圈，货到现场2月支付至到货金额80%，竣工支付至结算金额95%，5%质保2年（如有需要，乙方接受配合甲方债权转让或抵消，以房屋等资产抵偿等形式清偿材料款）
273,三通,DN80,,,,,个,8,122.38,979.04,138.2894,1106.3152,共同,2025.7.7，相应机具免费提供壹台，含活接密封圈，货到现场2月支付至到货金额80%，竣工支付至结算金额95%，5%质保2年（如有需要，乙方接受配合甲方债权转让或抵消，以房屋等资产抵偿等形式清偿材料款）
274,沟槽三通,DN100,,,,,个,8,153.29,1226.32,173.2177,1385.7416,共同,2025.7.7，相应机具免费提供壹台，含活接密封圈，货到现场2月支付至到货金额80%，竣工支付至结算金额95%，5%质保2年（如有需要，乙方接受配合甲方债权转让或抵消，以房屋等资产抵偿等形式清偿材料款）
275,沟槽三通,DN150,,,,,个,8,263.52,2108.16,297.7776,2382.2208,共同,2025.7.7，相应机具免费提供壹台，含活接密封圈，货到现场2月支付至到货金额80%，竣工支付至结算金额95%，5%质保2年（如有需要，乙方接受配合甲方债权转让或抵消，以房屋等资产抵偿等形式清偿材料款）
276,沟槽三通,DN200,,,,,个,8,373.05,2984.4,421.5465,3372.372,共同,2025.7.7，相应机具免费提供壹台，含活接密封圈，货到现场2月支付至到货金额80%，竣工支付至结算金额95%，5%质保2年（如有需要，乙方接受配合甲方债权转让或抵消，以房屋等资产抵偿等形式清偿材料款）
277,沟槽三通,DN250,,,,,个,8,442.83,3542.64,500.3979,4003.1832,共同,2025.7.7，相应机具免费提供壹台，含活接密封圈，货到现场2月支付至到货金额80%，竣工支付至结算金额95%，5%质保2年（如有需要，乙方接受配合甲方债权转让或抵消，以房屋等资产抵偿等形式清偿材料款）
278,沟槽式中小三通,DN150×100,,,,,个,8,414.35,3314.8,468.2155,3745.724,共同,2025.7.7，相应机具免费提供壹台，含活接密封圈，货到现场2月支付至到货金额80%，竣工支付至结算金额95%，5%质保2年（如有需要，乙方接受配合甲方债权转让或抵消，以房屋等资产抵偿等形式清偿材料款）
279,沟槽式中小三通,DN200×150,,,,,个,8,380.57,3044.56,430.0441,3440.3528,共同,2025.7.7，相应机具免费提供壹台，含活接密封圈，货到现场2月支付至到货金额80%，竣工支付至结算金额95%，5%质保2年（如有需要，乙方接受配合甲方债权转让或抵消，以房屋等资产抵偿等形式清偿材料款）
280,沟槽式中小三通,DN250×200,,,,,个,8,504.1,4032.8,569.633,4557.064,共同,2025.7.7，相应机具免费提供壹台，含活接密封圈，货到现场2月支付至到货金额80%，竣工支付至结算金额95%，5%质保2年（如有需要，乙方接受配合甲方债权转让或抵消，以房屋等资产抵偿等形式清偿材料款）
281,沟槽式中小三通,DN250×150,,,,,个,8,447.48,3579.84,505.6524,4045.2192,共同,2025.7.7，相应机具免费提供壹台，含活接密封圈，货到现场2月支付至到货金额80%，竣工支付至结算金额95%，5%质保2年（如有需要，乙方接受配合甲方债权转让或抵消，以房屋等资产抵偿等形式清偿材料款）
282,内丝三通,DN15×½,,,,,个,8,9.72,77.76,10.9836,87.8688,共同,2025.7.7，相应机具免费提供壹台，含活接密封圈，货到现场2月支付至到货金额80%，竣工支付至结算金额95%，5%质保2年（如有需要，乙方接受配合甲方债权转让或抵消，以房屋等资产抵偿等形式清偿材料款）
283,内丝三通,DN20×¾,,,,,个,8,12.27,98.16,13.8651,110.9208,共同,2025.7.7，相应机具免费提供壹台，含活接密封圈，货到现场2月支付至到货金额80%，竣工支付至结算金额95%，5%质保2年（如有需要，乙方接受配合甲方债权转让或抵消，以房屋等资产抵偿等形式清偿材料款）
284,内丝三通,"DN25×1""",,,,,个,8,18.01,144.08,20.3513,162.8104,共同,2025.7.7，相应机具免费提供壹台，含活接密封圈，货到现场2月支付至到货金额80%，竣工支付至结算金额95%，5%质保2年（如有需要，乙方接受配合甲方债权转让或抵消，以房屋等资产抵偿等形式清偿材料款）
285,内丝三通,DN32×1¼,,,,,个,8,24.81,198.48,28.0353,224.2824,共同,2025.7.7，相应机具免费提供壹台，含活接密封圈，货到现场2月支付至到货金额80%，竣工支付至结算金额95%，5%质保2年（如有需要，乙方接受配合甲方债权转让或抵消，以房屋等资产抵偿等形式清偿材料款）
286,内丝三通,DN40×1½,,,,,个,8,32.78,262.24,37.0414,296.3312,共同,2025.7.7，相应机具免费提供壹台，含活接密封圈，货到现场2月支付至到货金额80%，竣工支付至结算金额95%，5%质保2年（如有需要，乙方接受配合甲方债权转让或抵消，以房屋等资产抵偿等形式清偿材料款）
287,内丝三通,"DN50×2""",,,,,个,8,47.69,381.52,53.8897,431.1176,共同,2025.7.7，相应机具免费提供壹台，含活接密封圈，货到现场2月支付至到货金额80%，竣工支付至结算金额95%，5%质保2年（如有需要，乙方接受配合甲方债权转让或抵消，以房屋等资产抵偿等形式清偿材料款）
288,外丝三通,DN15×½,,,,,个,8,9.72,77.76,10.9836,87.8688,共同,2025.7.7，相应机具免费提供壹台，含活接密封圈，货到现场2月支付至到货金额80%，竣工支付至结算金额95%，5%质保2年（如有需要，乙方接受配合甲方债权转让或抵消，以房屋等资产抵偿等形式清偿材料款）
289,外丝三通,DN20×¾,,,,,个,8,12.16,97.28,13.7408,109.9264,共同,2025.7.7，相应机具免费提供壹台，含活接密封圈，货到现场2月支付至到货金额80%，竣工支付至结算金额95%，5%质保2年（如有需要，乙方接受配合甲方债权转让或抵消，以房屋等资产抵偿等形式清偿材料款）
290,外丝三通,"DN25×1""",,,,,个,8,17.23,137.84,19.4699,155.7592,共同,2025.7.7，相应机具免费提供壹台，含活接密封圈，货到现场2月支付至到货金额80%，竣工支付至结算金额95%，5%质保2年（如有需要，乙方接受配合甲方债权转让或抵消，以房屋等资产抵偿等形式清偿材料款）
291,外丝三通,DN32×1¼,,,,,个,8,23.83,190.64,26.9279,215.4232,共同,2025.7.7，相应机具免费提供壹台，含活接密封圈，货到现场2月支付至到货金额80%，竣工支付至结算金额95%，5%质保2年（如有需要，乙方接受配合甲方债权转让或抵消，以房屋等资产抵偿等形式清偿材料款）
292,外丝三通,DN40×1½,,,,,个,8,32.02,256.16,36.1826,289.4608,共同,2025.7.7，相应机具免费提供壹台，含活接密封圈，货到现场2月支付至到货金额80%，竣工支付至结算金额95%，5%质保2年（如有需要，乙方接受配合甲方债权转让或抵消，以房屋等资产抵偿等形式清偿材料款）
293,外丝三通,"DN50×2""",,,,,个,8,45.99,367.92,51.9687,415.7496,共同,2025.7.7，相应机具免费提供壹台，含活接密封圈，货到现场2月支付至到货金额80%，竣工支付至结算金额95%，5%质保2年（如有需要，乙方接受配合甲方债权转让或抵消，以房屋等资产抵偿等形式清偿材料款）
294,中小三通,DN20×15,,,,,个,8,6.89,55.12,7.7857,62.2856,共同,2025.7.7，相应机具免费提供壹台，含活接密封圈，货到现场2月支付至到货金额80%，竣工支付至结算金额95%，5%质保2年（如有需要，乙方接受配合甲方债权转让或抵消，以房屋等资产抵偿等形式清偿材料款）
295,中小三通,DN25×15,,,,,个,8,8.95,71.6,10.1135,80.908,共同,2025.7.7，相应机具免费提供壹台，含活接密封圈，货到现场2月支付至到货金额80%，竣工支付至结算金额95%，5%质保2年（如有需要，乙方接受配合甲方债权转让或抵消，以房屋等资产抵偿等形式清偿材料款）
296,中小三通,DN25×20,,,,,个,8,9.5,76,10.735,85.88,共同,2025.7.7，相应机具免费提供壹台，含活接密封圈，货到现场2月支付至到货金额80%，竣工支付至结算金额95%，5%质保2年（如有需要，乙方接受配合甲方债权转让或抵消，以房屋等资产抵偿等形式清偿材料款）
297,中小三通,DN32×15,,,,,个,8,12.16,97.28,13.7408,109.9264,共同,2025.7.7，相应机具免费提供壹台，含活接密封圈，货到现场2月支付至到货金额80%，竣工支付至结算金额95%，5%质保2年（如有需要，乙方接受配合甲方债权转让或抵消，以房屋等资产抵偿等形式清偿材料款）
298,中小三通,DN32×20,,,,,个,8,12.9,103.2,14.577,116.616,共同,2025.7.7，相应机具免费提供壹台，含活接密封圈，货到现场2月支付至到货金额80%，竣工支付至结算金额95%，5%质保2年（如有需要，乙方接受配合甲方债权转让或抵消，以房屋等资产抵偿等形式清偿材料款）
299,中小三通,DN32×25,,,,,个,8,13.81,110.48,15.6053,124.8424,共同,2025.7.7，相应机具免费提供壹台，含活接密封圈，货到现场2月支付至到货金额80%，竣工支付至结算金额95%，5%质保2年（如有需要，乙方接受配合甲方债权转让或抵消，以房屋等资产抵偿等形式清偿材料款）
300,中小三通,DN40×15,,,,,个,8,15.58,124.64,17.6054,140.8432,共同,2025.7.7，相应机具免费提供壹台，含活接密封圈，货到现场2月支付至到货金额80%，竣工支付至结算金额95%，5%质保2年（如有需要，乙方接受配合甲方债权转让或抵消，以房屋等资产抵偿等形式清偿材料款）
301,中小三通,DN40×20,,,,,个,8,16.47,131.76,18.6111,148.8888,共同,2025.7.7，相应机具免费提供壹台，含活接密封圈，货到现场2月支付至到货金额80%，竣工支付至结算金额95%，5%质保2年（如有需要，乙方接受配合甲方债权转让或抵消，以房屋等资产抵偿等形式清偿材料款）
302,中小三通,DN40×25,,,,,个,8,17.54,140.32,19.8202,158.5616,共同,2025.7.7，相应机具免费提供壹台，含活接密封圈，货到现场2月支付至到货金额80%，竣工支付至结算金额95%，5%质保2年（如有需要，乙方接受配合甲方债权转让或抵消，以房屋等资产抵偿等形式清偿材料款）
303,中小三通,DN40×32,,,,,个,8,19.33,154.64,21.8429,174.7432,共同,2025.7.7，相应机具免费提供壹台，含活接密封圈，货到现场2月支付至到货金额80%，竣工支付至结算金额95%，5%质保2年（如有需要，乙方接受配合甲方债权转让或抵消，以房屋等资产抵偿等形式清偿材料款）
304,中小三通,DN50×15,,,,,个,8,23.15,185.2,26.1595,209.276,共同,2025.7.7，相应机具免费提供壹台，含活接密封圈，货到现场2月支付至到货金额80%，竣工支付至结算金额95%，5%质保2年（如有需要，乙方接受配合甲方债权转让或抵消，以房屋等资产抵偿等形式清偿材料款）
305,中小三通,DN50×20,,,,,个,8,23.93,191.44,27.0409,216.3272,共同,2025.7.7，相应机具免费提供壹台，含活接密封圈，货到现场2月支付至到货金额80%，竣工支付至结算金额95%，5%质保2年（如有需要，乙方接受配合甲方债权转让或抵消，以房屋等资产抵偿等形式清偿材料款）
306,中小三通,DN50×25,,,,,个,8,24.89,199.12,28.1257,225.0056,共同,2025.7.7，相应机具免费提供壹台，含活接密封圈，货到现场2月支付至到货金额80%，竣工支付至结算金额95%，5%质保2年（如有需要，乙方接受配合甲方债权转让或抵消，以房屋等资产抵偿等形式清偿材料款）
307,中小三通,DN50×32,,,,,个,8,26.85,214.8,30.3405,242.724,共同,2025.7.7，相应机具免费提供壹台，含活接密封圈，货到现场2月支付至到货金额80%，竣工支付至结算金额95%，5%质保2年（如有需要，乙方接受配合甲方债权转让或抵消，以房屋等资产抵偿等形式清偿材料款）
308,中小三通,DN50×40,,,,,个,8,28.73,229.84,32.4649,259.7192,共同,2025.7.7，相应机具免费提供壹台，含活接密封圈，货到现场2月支付至到货金额80%，竣工支付至结算金额95%，5%质保2年（如有需要，乙方接受配合甲方债权转让或抵消，以房屋等资产抵偿等形式清偿材料款）
309,中小三通,DN60×15,,,,,个,8,38.78,310.24,43.8214,350.5712,共同,2025.7.7，相应机具免费提供壹台，含活接密封圈，货到现场2月支付至到货金额80%，竣工支付至结算金额95%，5%质保2年（如有需要，乙方接受配合甲方债权转让或抵消，以房屋等资产抵偿等形式清偿材料款）
310,中小三通,DN60×20,,,,,个,8,39.52,316.16,44.6576,357.2608,共同,2025.7.7，相应机具免费提供壹台，含活接密封圈，货到现场2月支付至到货金额80%，竣工支付至结算金额95%，5%质保2年（如有需要，乙方接受配合甲方债权转让或抵消，以房屋等资产抵偿等形式清偿材料款）
311,中小三通,DN60×25,,,,,个,8,48.97,391.76,55.3361,442.6888,共同,2025.7.7，相应机具免费提供壹台，含活接密封圈，货到现场2月支付至到货金额80%，竣工支付至结算金额95%，5%质保2年（如有需要，乙方接受配合甲方债权转让或抵消，以房屋等资产抵偿等形式清偿材料款）
312,中小三通,DN60×32,,,,,个,8,50.08,400.64,56.5904,452.7232,共同,2025.7.7，相应机具免费提供壹台，含活接密封圈，货到现场2月支付至到货金额80%，竣工支付至结算金额95%，5%质保2年（如有需要，乙方接受配合甲方债权转让或抵消，以房屋等资产抵偿等形式清偿材料款）
313,中小三通,DN60×40,,,,,个,8,47.12,376.96,53.2456,425.9648,共同,2025.7.7，相应机具免费提供壹台，含活接密封圈，货到现场2月支付至到货金额80%，竣工支付至结算金额95%，5%质保2年（如有需要，乙方接受配合甲方债权转让或抵消，以房屋等资产抵偿等形式清偿材料款）
314,中小三通,DN60×50,,,,,个,8,54.64,437.12,61.7432,493.9456,共同,2025.7.7，相应机具免费提供壹台，含活接密封圈，货到现场2月支付至到货金额80%，竣工支付至结算金额95%，5%质保2年（如有需要，乙方接受配合甲方债权转让或抵消，以房屋等资产抵偿等形式清偿材料款）
315,中小三通,DN65×15,,,,,个,8,59.19,473.52,66.8847,535.0776,共同,2025.7.7，相应机具免费提供壹台，含活接密封圈，货到现场2月支付至到货金额80%，竣工支付至结算金额95%，5%质保2年（如有需要，乙方接受配合甲方债权转让或抵消，以房屋等资产抵偿等形式清偿材料款）
316,中小三通,DN65×20,,,,,个,8,59.94,479.52,67.7322,541.8576,共同,2025.7.7，相应机具免费提供壹台，含活接密封圈，货到现场2月支付至到货金额80%，竣工支付至结算金额95%，5%质保2年（如有需要，乙方接受配合甲方债权转让或抵消，以房屋等资产抵偿等形式清偿材料款）
317,中小三通,DN65×25,,,,,个,8,73.18,585.44,82.6934,661.5472,共同,2025.7.7，相应机具免费提供壹台，含活接密封圈，货到现场2月支付至到货金额80%，竣工支付至结算金额95%，5%质保2年（如有需要，乙方接受配合甲方债权转让或抵消，以房屋等资产抵偿等形式清偿材料款）
318,中小三通,DN65×32,,,,,个,8,74.17,593.36,83.8121,670.4968,共同,2025.7.7，相应机具免费提供壹台，含活接密封圈，货到现场2月支付至到货金额80%，竣工支付至结算金额95%，5%质保2年（如有需要，乙方接受配合甲方债权转让或抵消，以房屋等资产抵偿等形式清偿材料款）
319,中小三通,DN65×40,,,,,个,8,75.64,605.12,85.4732,683.7856,共同,2025.7.7，相应机具免费提供壹台，含活接密封圈，货到现场2月支付至到货金额80%，竣工支付至结算金额95%，5%质保2年（如有需要，乙方接受配合甲方债权转让或抵消，以房屋等资产抵偿等形式清偿材料款）
320,中小三通,DN65×50,,,,,个,8,76.84,614.72,86.8292,694.6336,共同,2025.7.7，相应机具免费提供壹台，含活接密封圈，货到现场2月支付至到货金额80%，竣工支付至结算金额95%，5%质保2年（如有需要，乙方接受配合甲方债权转让或抵消，以房屋等资产抵偿等形式清偿材料款）
321,中小三通,DN65×60,,,,,个,8,81.8,654.4,92.434,739.472,共同,2025.7.7，相应机具免费提供壹台，含活接密封圈，货到现场2月支付至到货金额80%，竣工支付至结算金额95%，5%质保2年（如有需要，乙方接受配合甲方债权转让或抵消，以房屋等资产抵偿等形式清偿材料款）
322,中小三通,DN80×15,,,,,个,8,78.18,625.44,88.3434,706.7472,共同,2025.7.7，相应机具免费提供壹台，含活接密封圈，货到现场2月支付至到货金额80%，竣工支付至结算金额95%，5%质保2年（如有需要，乙方接受配合甲方债权转让或抵消，以房屋等资产抵偿等形式清偿材料款）
323,中小三通,DN80×20,,,,,个,8,80.16,641.28,90.5808,724.6464,共同,2025.7.7，相应机具免费提供壹台，含活接密封圈，货到现场2月支付至到货金额80%，竣工支付至结算金额95%，5%质保2年（如有需要，乙方接受配合甲方债权转让或抵消，以房屋等资产抵偿等形式清偿材料款）
324,中小三通,DN80×25,,,,,个,8,96.16,769.28,108.6608,869.2864,共同,2025.7.7，相应机具免费提供壹台，含活接密封圈，货到现场2月支付至到货金额80%，竣工支付至结算金额95%，5%质保2年（如有需要，乙方接受配合甲方债权转让或抵消，以房屋等资产抵偿等形式清偿材料款）
325,中小三通,DN80×32,,,,,个,8,97.18,777.44,109.8134,878.5072,共同,2025.7.7，相应机具免费提供壹台，含活接密封圈，货到现场2月支付至到货金额80%，竣工支付至结算金额95%，5%质保2年（如有需要，乙方接受配合甲方债权转让或抵消，以房屋等资产抵偿等形式清偿材料款）
326,中小三通,DN80×40,,,,,个,8,98.5,788,111.305,890.44,共同,2025.7.7，相应机具免费提供壹台，含活接密封圈，货到现场2月支付至到货金额80%，竣工支付至结算金额95%，5%质保2年（如有需要，乙方接受配合甲方债权转让或抵消，以房屋等资产抵偿等形式清偿材料款）
327,中小三通,DN80×50,,,,,个,8,98.36,786.88,111.1468,889.1744,共同,2025.7.7，相应机具免费提供壹台，含活接密封圈，货到现场2月支付至到货金额80%，竣工支付至结算金额95%，5%质保2年（如有需要，乙方接受配合甲方债权转让或抵消，以房屋等资产抵偿等形式清偿材料款）
328,中小三通,DN80×60,,,,,个,8,103.17,825.36,116.5821,932.6568,共同,2025.7.7，相应机具免费提供壹台，含活接密封圈，货到现场2月支付至到货金额80%，竣工支付至结算金额95%，5%质保2年（如有需要，乙方接受配合甲方债权转让或抵消，以房屋等资产抵偿等形式清偿材料款）
329,中小三通,DN80×65,,,,,个,8,117.42,939.36,132.6846,1061.4768,共同,2025.7.7，相应机具免费提供壹台，含活接密封圈，货到现场2月支付至到货金额80%，竣工支付至结算金额95%，5%质保2年（如有需要，乙方接受配合甲方债权转让或抵消，以房屋等资产抵偿等形式清偿材料款）
330,中小内丝三通,DN20×½,,,,,个,8,10.41,83.28,11.7633,94.1064,共同,2025.7.7，相应机具免费提供壹台，含活接密封圈，货到现场2月支付至到货金额80%，竣工支付至结算金额95%，5%质保2年（如有需要，乙方接受配合甲方债权转让或抵消，以房屋等资产抵偿等形式清偿材料款）
331,中小内丝三通,DN25×½,,,,,个,8,12.49,99.92,14.1137,112.9096,共同,2025.7.7，相应机具免费提供壹台，含活接密封圈，货到现场2月支付至到货金额80%，竣工支付至结算金额95%，5%质保2年（如有需要，乙方接受配合甲方债权转让或抵消，以房屋等资产抵偿等形式清偿材料款）
332,中小内丝三通,DN25×¾,,,,,个,8,13.72,109.76,15.5036,124.0288,共同,2025.7.7，相应机具免费提供壹台，含活接密封圈，货到现场2月支付至到货金额80%，竣工支付至结算金额95%，5%质保2年（如有需要，乙方接受配合甲方债权转让或抵消，以房屋等资产抵偿等形式清偿材料款）
333,中小内丝三通,DN32×½,,,,,个,8,15.91,127.28,17.9783,143.8264,共同,2025.7.7，相应机具免费提供壹台，含活接密封圈，货到现场2月支付至到货金额80%，竣工支付至结算金额95%，5%质保2年（如有需要，乙方接受配合甲方债权转让或抵消，以房屋等资产抵偿等形式清偿材料款）
334,中小内丝三通,DN32×¾,,,,,个,8,17.42,139.36,19.6846,157.4768,共同,2025.7.7，相应机具免费提供壹台，含活接密封圈，货到现场2月支付至到货金额80%，竣工支付至结算金额95%，5%质保2年（如有需要，乙方接受配合甲方债权转让或抵消，以房屋等资产抵偿等形式清偿材料款）
335,中小内丝三通,"DN32×1""",,,,,个,8,21.42,171.36,24.2046,193.6368,共同,2025.7.7，相应机具免费提供壹台，含活接密封圈，货到现场2月支付至到货金额80%，竣工支付至结算金额95%，5%质保2年（如有需要，乙方接受配合甲方债权转让或抵消，以房屋等资产抵偿等形式清偿材料款）
336,中小内丝三通,DN40×½,,,,,个,8,19.38,155.04,21.8994,175.1952,共同,2025.7.7，相应机具免费提供壹台，含活接密封圈，货到现场2月支付至到货金额80%，竣工支付至结算金额95%，5%质保2年（如有需要，乙方接受配合甲方债权转让或抵消，以房屋等资产抵偿等形式清偿材料款）
337,中小内丝三通,DN40×¾,,,,,个,8,20.96,167.68,23.6848,189.4784,共同,2025.7.7，相应机具免费提供壹台，含活接密封圈，货到现场2月支付至到货金额80%，竣工支付至结算金额95%，5%质保2年（如有需要，乙方接受配合甲方债权转让或抵消，以房屋等资产抵偿等形式清偿材料款）
338,中小内丝三通,"DN40×1""",,,,,个,8,25.11,200.88,28.3743,226.9944,共同,2025.7.7，相应机具免费提供壹台，含活接密封圈，货到现场2月支付至到货金额80%，竣工支付至结算金额95%，5%质保2年（如有需要，乙方接受配合甲方债权转让或抵消，以房屋等资产抵偿等形式清偿材料款）
339,中小内丝三通,DN40×1¼,,,,,个,8,28.56,228.48,32.2728,258.1824,共同,2025.7.7，相应机具免费提供壹台，含活接密封圈，货到现场2月支付至到货金额80%，竣工支付至结算金额95%，5%质保2年（如有需要，乙方接受配合甲方债权转让或抵消，以房屋等资产抵偿等形式清偿材料款）
340,中小内丝三通,DN50×½,,,,,个,8,26.92,215.36,30.4196,243.3568,共同,2025.7.7，相应机具免费提供壹台，含活接密封圈，货到现场2月支付至到货金额80%，竣工支付至结算金额95%，5%质保2年（如有需要，乙方接受配合甲方债权转让或抵消，以房屋等资产抵偿等形式清偿材料款）
341,中小内丝三通,DN50×¾,,,,,个,8,28.42,227.36,32.1146,256.9168,共同,2025.7.7，相应机具免费提供壹台，含活接密封圈，货到现场2月支付至到货金额80%，竣工支付至结算金额95%，5%质保2年（如有需要，乙方接受配合甲方债权转让或抵消，以房屋等资产抵偿等形式清偿材料款）
342,中小内丝三通,"DN50×1""",,,,,个,8,32.47,259.76,36.6911,293.5288,共同,2025.7.7，相应机具免费提供壹台，含活接密封圈，货到现场2月支付至到货金额80%，竣工支付至结算金额95%，5%质保2年（如有需要，乙方接受配合甲方债权转让或抵消，以房屋等资产抵偿等形式清偿材料款）
343,中小内丝三通,DN50×1¼,,,,,个,8,36.06,288.48,40.7478,325.9824,共同,2025.7.7，相应机具免费提供壹台，含活接密封圈，货到现场2月支付至到货金额80%，竣工支付至结算金额95%，5%质保2年（如有需要，乙方接受配合甲方债权转让或抵消，以房屋等资产抵偿等形式清偿材料款）
344,中小内丝三通,DN50×1½,,,,,个,8,39.42,315.36,44.5446,356.3568,共同,2025.7.7，相应机具免费提供壹台，含活接密封圈，货到现场2月支付至到货金额80%，竣工支付至结算金额95%，5%质保2年（如有需要，乙方接受配合甲方债权转让或抵消，以房屋等资产抵偿等形式清偿材料款）
345,中小内丝三通,DN60×½,,,,,个,8,42.52,340.16,48.0476,384.3808,共同,2025.7.7，相应机具免费提供壹台，含活接密封圈，货到现场2月支付至到货金额80%，竣工支付至结算金额95%，5%质保2年（如有需要，乙方接受配合甲方债权转让或抵消，以房屋等资产抵偿等形式清偿材料款）
346,中小内丝三通,DN60×¾,,,,,个,8,52.5,420,59.325,474.6,共同,2025.7.7，相应机具免费提供壹台，含活接密封圈，货到现场2月支付至到货金额80%，竣工支付至结算金额95%，5%质保2年（如有需要，乙方接受配合甲方债权转让或抵消，以房屋等资产抵偿等形式清偿材料款）
347,中小内丝三通,"DN60×1""",,,,,个,8,52.5,420,59.325,474.6,共同,2025.7.7，相应机具免费提供壹台，含活接密封圈，货到现场2月支付至到货金额80%，竣工支付至结算金额95%，5%质保2年（如有需要，乙方接受配合甲方债权转让或抵消，以房屋等资产抵偿等形式清偿材料款）
348,中小内丝三通,DN60×1¼,,,,,个,8,55.19,441.52,62.3647,498.9176,共同,2025.7.7，相应机具免费提供壹台，含活接密封圈，货到现场2月支付至到货金额80%，竣工支付至结算金额95%，5%质保2年（如有需要，乙方接受配合甲方债权转让或抵消，以房屋等资产抵偿等形式清偿材料款）
349,中小内丝三通,DN60×1½,,,,,个,8,57.72,461.76,65.2236,521.7888,共同,2025.7.7，相应机具免费提供壹台，含活接密封圈，货到现场2月支付至到货金额80%，竣工支付至结算金额95%，5%质保2年（如有需要，乙方接受配合甲方债权转让或抵消，以房屋等资产抵偿等形式清偿材料款）
350,中小内丝三通,"DN60×2""",,,,,个,8,65.4,523.2,73.902,591.216,共同,2025.7.7，相应机具免费提供壹台，含活接密封圈，货到现场2月支付至到货金额80%，竣工支付至结算金额95%，5%质保2年（如有需要，乙方接受配合甲方债权转让或抵消，以房屋等资产抵偿等形式清偿材料款）
351,中小内丝三通,DN65×½,,,,,个,8,62.96,503.68,71.1448,569.1584,共同,2025.7.7，相应机具免费提供壹台，含活接密封圈，货到现场2月支付至到货金额80%，竣工支付至结算金额95%，5%质保2年（如有需要，乙方接受配合甲方债权转让或抵消，以房屋等资产抵偿等形式清偿材料款）
352,中小内丝三通,DN65×¾,,,,,个,8,64.41,515.28,72.7833,582.2664,共同,2025.7.7，相应机具免费提供壹台，含活接密封圈，货到现场2月支付至到货金额80%，竣工支付至结算金额95%，5%质保2年（如有需要，乙方接受配合甲方债权转让或抵消，以房屋等资产抵偿等形式清偿材料款）
353,中小内丝三通,"DN65×1""",,,,,个,8,76.46,611.68,86.3998,691.1984,共同,2025.7.7，相应机具免费提供壹台，含活接密封圈，货到现场2月支付至到货金额80%，竣工支付至结算金额95%，5%质保2年（如有需要，乙方接受配合甲方债权转让或抵消，以房屋等资产抵偿等形式清偿材料款）
354,中小内丝三通,DN65×1¼,,,,,个,8,79.13,633.04,89.4169,715.3352,共同,2025.7.7，相应机具免费提供壹台，含活接密封圈，货到现场2月支付至到货金额80%，竣工支付至结算金额95%，5%质保2年（如有需要，乙方接受配合甲方债权转让或抵消，以房屋等资产抵偿等形式清偿材料款）
355,中小内丝三通,DN65×1½,,,,,个,8,82.01,656.08,92.6713,741.3704,共同,2025.7.7，相应机具免费提供壹台，含活接密封圈，货到现场2月支付至到货金额80%，竣工支付至结算金额95%，5%质保2年（如有需要，乙方接受配合甲方债权转让或抵消，以房屋等资产抵偿等形式清偿材料款）
356,中小内丝三通,"DN65×2""",,,,,个,8,87.63,701.04,99.0219,792.1752,共同,2025.7.7，相应机具免费提供壹台，含活接密封圈，货到现场2月支付至到货金额80%，竣工支付至结算金额95%，5%质保2年（如有需要，乙方接受配合甲方债权转让或抵消，以房屋等资产抵偿等形式清偿材料款）
357,中小内丝三通,DN80×½,,,,,个,8,81.91,655.28,92.5583,740.4664,共同,2025.7.7，相应机具免费提供壹台，含活接密封圈，货到现场2月支付至到货金额80%，竣工支付至结算金额95%，5%质保2年（如有需要，乙方接受配合甲方债权转让或抵消，以房屋等资产抵偿等形式清偿材料款）
358,中小内丝三通,DN80×¾,,,,,个,8,84.63,677.04,95.6319,765.0552,共同,2025.7.7，相应机具免费提供壹台，含活接密封圈，货到现场2月支付至到货金额80%，竣工支付至结算金额95%，5%质保2年（如有需要，乙方接受配合甲方债权转让或抵消，以房屋等资产抵偿等形式清偿材料款）
359,中小内丝三通,"DN80×1""",,,,,个,8,98.15,785.2,110.9095,887.276,共同,2025.7.7，相应机具免费提供壹台，含活接密封圈，货到现场2月支付至到货金额80%，竣工支付至结算金额95%，5%质保2年（如有需要，乙方接受配合甲方债权转让或抵消，以房屋等资产抵偿等形式清偿材料款）
360,中小内丝三通,DN80×1¼,,,,,个,8,100.83,806.64,113.9379,911.5032,共同,2025.7.7，相应机具免费提供壹台，含活接密封圈，货到现场2月支付至到货金额80%，竣工支付至结算金额95%，5%质保2年（如有需要，乙方接受配合甲方债权转让或抵消，以房屋等资产抵偿等形式清偿材料款）
361,中小内丝三通,DN80×1½,,,,,个,8,103.55,828.4,117.0115,936.092,共同,2025.7.7，相应机具免费提供壹台，含活接密封圈，货到现场2月支付至到货金额80%，竣工支付至结算金额95%，5%质保2年（如有需要，乙方接受配合甲方债权转让或抵消，以房屋等资产抵偿等形式清偿材料款）
362,中小内丝三通,"DN80×2""",,,,,个,8,109.12,872.96,123.3056,986.4448,共同,2025.7.7，相应机具免费提供壹台，含活接密封圈，货到现场2月支付至到货金额80%，竣工支付至结算金额95%，5%质保2年（如有需要，乙方接受配合甲方债权转让或抵消，以房屋等资产抵偿等形式清偿材料款）
363,中小外丝三通,DN20×½,,,,,个,8,6.25,50,7.0625,56.5,共同,2025.7.7，相应机具免费提供壹台，含活接密封圈，货到现场2月支付至到货金额80%，竣工支付至结算金额95%，5%质保2年（如有需要，乙方接受配合甲方债权转让或抵消，以房屋等资产抵偿等形式清偿材料款）
364,中小外丝三通,DN25×½,,,,,个,8,7.5,60,8.475,67.8,共同,2025.7.7，相应机具免费提供壹台，含活接密封圈，货到现场2月支付至到货金额80%，竣工支付至结算金额95%，5%质保2年（如有需要，乙方接受配合甲方债权转让或抵消，以房屋等资产抵偿等形式清偿材料款）
365,中小外丝三通,DN25×¾,,,,,个,8,8.17,65.36,9.2321,73.8568,共同,2025.7.7，相应机具免费提供壹台，含活接密封圈，货到现场2月支付至到货金额80%，竣工支付至结算金额95%，5%质保2年（如有需要，乙方接受配合甲方债权转让或抵消，以房屋等资产抵偿等形式清偿材料款）
366,中小外丝三通,DN32×½,,,,,个,8,9.55,76.4,10.7915,86.332,共同,2025.7.7，相应机具免费提供壹台，含活接密封圈，货到现场2月支付至到货金额80%，竣工支付至结算金额95%，5%质保2年（如有需要，乙方接受配合甲方债权转让或抵消，以房屋等资产抵偿等形式清偿材料款）
367,中小外丝三通,DN32×¾,,,,,个,8,10.37,82.96,11.7181,93.7448,共同,2025.7.7，相应机具免费提供壹台，含活接密封圈，货到现场2月支付至到货金额80%，竣工支付至结算金额95%，5%质保2年（如有需要，乙方接受配合甲方债权转让或抵消，以房屋等资产抵偿等形式清偿材料款）
368,中小外丝三通,"DN32×1""",,,,,个,8,12.36,98.88,13.9668,111.7344,共同,2025.7.7，相应机具免费提供壹台，含活接密封圈，货到现场2月支付至到货金额80%，竣工支付至结算金额95%，5%质保2年（如有需要，乙方接受配合甲方债权转让或抵消，以房屋等资产抵偿等形式清偿材料款）
369,中小外丝三通,DN40×½,,,,,个,8,11.63,93.04,13.1419,105.1352,共同,2025.7.7，相应机具免费提供壹台，含活接密封圈，货到现场2月支付至到货金额80%，竣工支付至结算金额95%，5%质保2年（如有需要，乙方接受配合甲方债权转让或抵消，以房屋等资产抵偿等形式清偿材料款）
370,中小外丝三通,DN40×¾,,,,,个,8,12.5,100,14.125,113,共同,2025.7.7，相应机具免费提供壹台，含活接密封圈，货到现场2月支付至到货金额80%，竣工支付至结算金额95%，5%质保2年（如有需要，乙方接受配合甲方债权转让或抵消，以房屋等资产抵偿等形式清偿材料款）
371,中小外丝三通,"DN40×1""",,,,,个,8,14.57,116.56,16.4641,131.7128,共同,2025.7.7，相应机具免费提供壹台，含活接密封圈，货到现场2月支付至到货金额80%，竣工支付至结算金额95%，5%质保2年（如有需要，乙方接受配合甲方债权转让或抵消，以房屋等资产抵偿等形式清偿材料款）
372,中小外丝三通,DN40×1¼,,,,,个,8,16.54,132.32,18.6902,149.5216,共同,2025.7.7，相应机具免费提供壹台，含活接密封圈，货到现场2月支付至到货金额80%，竣工支付至结算金额95%，5%质保2年（如有需要，乙方接受配合甲方债权转让或抵消，以房屋等资产抵偿等形式清偿材料款）
373,中小外丝三通,DN50×½,,,,,个,8,16.15,129.2,18.2495,145.996,共同,2025.7.7，相应机具免费提供壹台，含活接密封圈，货到现场2月支付至到货金额80%，竣工支付至结算金额95%，5%质保2年（如有需要，乙方接受配合甲方债权转让或抵消，以房屋等资产抵偿等形式清偿材料款）
374,中小外丝三通,DN50×¾,,,,,个,8,16.99,135.92,19.1987,153.5896,共同,2025.7.7，相应机具免费提供壹台，含活接密封圈，货到现场2月支付至到货金额80%，竣工支付至结算金额95%，5%质保2年（如有需要，乙方接受配合甲方债权转让或抵消，以房屋等资产抵偿等形式清偿材料款）
375,中小外丝三通,"DN50×1""",,,,,个,8,18.97,151.76,21.4361,171.4888,共同,2025.7.7，相应机具免费提供壹台，含活接密封圈，货到现场2月支付至到货金额80%，竣工支付至结算金额95%，5%质保2年（如有需要，乙方接受配合甲方债权转让或抵消，以房屋等资产抵偿等形式清偿材料款）
376,中小外丝三通,DN50×1¼,,,,,个,8,21.04,168.32,23.7752,190.2016,共同,2025.7.7，相应机具免费提供壹台，含活接密封圈，货到现场2月支付至到货金额80%，竣工支付至结算金额95%，5%质保2年（如有需要，乙方接受配合甲方债权转让或抵消，以房屋等资产抵偿等形式清偿材料款）
377,中小外丝三通,DN50×1½,,,,,个,8,23.18,185.44,26.1934,209.5472,共同,2025.7.7，相应机具免费提供壹台，含活接密封圈，货到现场2月支付至到货金额80%，竣工支付至结算金额95%，5%质保2年（如有需要，乙方接受配合甲方债权转让或抵消，以房屋等资产抵偿等形式清偿材料款）
378,中小外丝三通,DN60×½,,,,,个,8,25.51,204.08,28.8263,230.6104,共同,2025.7.7，相应机具免费提供壹台，含活接密封圈，货到现场2月支付至到货金额80%，竣工支付至结算金额95%，5%质保2年（如有需要，乙方接受配合甲方债权转让或抵消，以房屋等资产抵偿等形式清偿材料款）
379,中小外丝三通,DN60×¾,,,,,个,8,26.34,210.72,29.7642,238.1136,共同,2025.7.7，相应机具免费提供壹台，含活接密封圈，货到现场2月支付至到货金额80%，竣工支付至结算金额95%，5%质保2年（如有需要，乙方接受配合甲方债权转让或抵消，以房屋等资产抵偿等形式清偿材料款）
380,中小外丝三通,"DN60×1""",,,,,个,8,31.02,248.16,35.0526,280.4208,共同,2025.7.7，相应机具免费提供壹台，含活接密封圈，货到现场2月支付至到货金额80%，竣工支付至结算金额95%，5%质保2年（如有需要，乙方接受配合甲方债权转让或抵消，以房屋等资产抵偿等形式清偿材料款）
381,中小外丝三通,DN60×1¼,,,,,个,8,32.52,260.16,36.7476,293.9808,共同,2025.7.7，相应机具免费提供壹台，含活接密封圈，货到现场2月支付至到货金额80%，竣工支付至结算金额95%，5%质保2年（如有需要，乙方接受配合甲方债权转让或抵消，以房屋等资产抵偿等形式清偿材料款）
382,中小外丝三通,DN60×1½,,,,,个,8,34.19,273.52,38.6347,309.0776,共同,2025.7.7，相应机具免费提供壹台，含活接密封圈，货到现场2月支付至到货金额80%，竣工支付至结算金额95%，5%质保2年（如有需要，乙方接受配合甲方债权转让或抵消，以房屋等资产抵偿等形式清偿材料款）
383,中小外丝三通,"DN60×2""",,,,,个,8,38.24,305.92,43.2112,345.6896,共同,2025.7.7，相应机具免费提供壹台，含活接密封圈，货到现场2月支付至到货金额80%，竣工支付至结算金额95%，5%质保2年（如有需要，乙方接受配合甲方债权转让或抵消，以房屋等资产抵偿等形式清偿材料款）
384,中小外丝三通,DN65×½,,,,,个,8,37.77,302.16,42.6801,341.4408,共同,2025.7.7，相应机具免费提供壹台，含活接密封圈，货到现场2月支付至到货金额80%，竣工支付至结算金额95%，5%质保2年（如有需要，乙方接受配合甲方债权转让或抵消，以房屋等资产抵偿等形式清偿材料款）
385,中小外丝三通,DN65×¾,,,,,个,8,38.58,308.64,43.5954,348.7632,共同,2025.7.7，相应机具免费提供壹台，含活接密封圈，货到现场2月支付至到货金额80%，竣工支付至结算金额95%，5%质保2年（如有需要，乙方接受配合甲方债权转让或抵消，以房屋等资产抵偿等形式清偿材料款）
386,中小外丝三通,"DN65×1""",,,,,个,8,45.38,363.04,51.2794,410.2352,共同,2025.7.7，相应机具免费提供壹台，含活接密封圈，货到现场2月支付至到货金额80%，竣工支付至结算金额95%，5%质保2年（如有需要，乙方接受配合甲方债权转让或抵消，以房屋等资产抵偿等形式清偿材料款）
387,中小外丝三通,DN65×1¼,,,,,个,8,46.88,375.04,52.9744,423.7952,共同,2025.7.7，相应机具免费提供壹台，含活接密封圈，货到现场2月支付至到货金额80%，竣工支付至结算金额95%，5%质保2年（如有需要，乙方接受配合甲方债权转让或抵消，以房屋等资产抵偿等形式清偿材料款）
388,中小外丝三通,DN65×1½,,,,,个,8,48.75,390,55.0875,440.7,共同,2025.7.7，相应机具免费提供壹台，含活接密封圈，货到现场2月支付至到货金额80%，竣工支付至结算金额95%，5%质保2年（如有需要，乙方接受配合甲方债权转让或抵消，以房屋等资产抵偿等形式清偿材料款）
389,中小外丝三通,"DN65×2""",,,,,个,8,51.56,412.48,58.2628,466.1024,共同,2025.7.7，相应机具免费提供壹台，含活接密封圈，货到现场2月支付至到货金额80%，竣工支付至结算金额95%，5%质保2年（如有需要，乙方接受配合甲方债权转让或抵消，以房屋等资产抵偿等形式清偿材料款）
390,中小外丝三通,DN80×½,,,,,个,8,49.15,393.2,55.5395,444.316,共同,2025.7.7，相应机具免费提供壹台，含活接密封圈，货到现场2月支付至到货金额80%，竣工支付至结算金额95%，5%质保2年（如有需要，乙方接受配合甲方债权转让或抵消，以房屋等资产抵偿等形式清偿材料款）
391,中小外丝三通,DN80×¾,,,,,个,8,50.72,405.76,57.3136,458.5088,共同,2025.7.7，相应机具免费提供壹台，含活接密封圈，货到现场2月支付至到货金额80%，竣工支付至结算金额95%，5%质保2年（如有需要，乙方接受配合甲方债权转让或抵消，以房屋等资产抵偿等形式清偿材料款）
392,中小外丝三通,"DN80×1""",,,,,个,8,58.39,467.12,65.9807,527.8456,共同,2025.7.7，相应机具免费提供壹台，含活接密封圈，货到现场2月支付至到货金额80%，竣工支付至结算金额95%，5%质保2年（如有需要，乙方接受配合甲方债权转让或抵消，以房屋等资产抵偿等形式清偿材料款）
393,中小外丝三通,DN80×1¼,,,,,个,8,59.89,479.12,67.6757,541.4056,共同,2025.7.7，相应机具免费提供壹台，含活接密封圈，货到现场2月支付至到货金额80%，竣工支付至结算金额95%，5%质保2年（如有需要，乙方接受配合甲方债权转让或抵消，以房屋等资产抵偿等形式清偿材料款）
394,中小外丝三通,DN80×1½,,,,,个,8,61.68,493.44,69.6984,557.5872,共同,2025.7.7，相应机具免费提供壹台，含活接密封圈，货到现场2月支付至到货金额80%，竣工支付至结算金额95%，5%质保2年（如有需要，乙方接受配合甲方债权转让或抵消，以房屋等资产抵偿等形式清偿材料款）
395,中小外丝三通,"DN80×2""",,,,,个,8,64.47,515.76,72.8511,582.8088,共同,2025.7.7，相应机具免费提供壹台，含活接密封圈，货到现场2月支付至到货金额80%，竣工支付至结算金额95%，5%质保2年（如有需要，乙方接受配合甲方债权转让或抵消，以房屋等资产抵偿等形式清偿材料款）
396,中小外丝三通,DN100×½,,,,,个,8,52.71,421.68,59.5623,476.4984,共同,2025.7.7，相应机具免费提供壹台，含活接密封圈，货到现场2月支付至到货金额80%，竣工支付至结算金额95%，5%质保2年（如有需要，乙方接受配合甲方债权转让或抵消，以房屋等资产抵偿等形式清偿材料款）
397,中小外丝三通,DN100×¾,,,,,个,8,54.27,434.16,61.3251,490.6008,共同,2025.7.7，相应机具免费提供壹台，含活接密封圈，货到现场2月支付至到货金额80%，竣工支付至结算金额95%，5%质保2年（如有需要，乙方接受配合甲方债权转让或抵消，以房屋等资产抵偿等形式清偿材料款）
398,中小外丝三通,"DN100×1""",,,,,个,8,62.17,497.36,70.2521,562.0168,共同,2025.7.7，相应机具免费提供壹台，含活接密封圈，货到现场2月支付至到货金额80%，竣工支付至结算金额95%，5%质保2年（如有需要，乙方接受配合甲方债权转让或抵消，以房屋等资产抵偿等形式清偿材料款）
399,中小外丝三通,DN100×1¼,,,,,个,8,63.67,509.36,71.9471,575.5768,共同,2025.7.7，相应机具免费提供壹台，含活接密封圈，货到现场2月支付至到货金额80%，竣工支付至结算金额95%，5%质保2年（如有需要，乙方接受配合甲方债权转让或抵消，以房屋等资产抵偿等形式清偿材料款）
400,中小外丝三通,DN100×1½,,,,,个,8,65.46,523.68,73.9698,591.7584,共同,2025.7.7，相应机具免费提供壹台，含活接密封圈，货到现场2月支付至到货金额80%，竣工支付至结算金额95%，5%质保2年（如有需要，乙方接受配合甲方债权转让或抵消，以房屋等资产抵偿等形式清偿材料款）
401,中小外丝三通,"DN100×2""",,,,,个,8,68.24,545.92,77.1112,616.8896,共同,2025.7.7，相应机具免费提供壹台，含活接密封圈，货到现场2月支付至到货金额80%，竣工支付至结算金额95%，5%质保2年（如有需要，乙方接受配合甲方债权转让或抵消，以房屋等资产抵偿等形式清偿材料款）
402,活接内丝,DN15×½,,,,,个,8,6.47,51.76,7.3111,58.4888,共同,2025.7.7，相应机具免费提供壹台，含活接密封圈，货到现场2月支付至到货金额80%，竣工支付至结算金额95%，5%质保2年（如有需要，乙方接受配合甲方债权转让或抵消，以房屋等资产抵偿等形式清偿材料款）
403,活接内丝,DN20×¾,,,,,个,8,7.65,61.2,8.6445,69.156,共同,2025.7.7，相应机具免费提供壹台，含活接密封圈，货到现场2月支付至到货金额80%，竣工支付至结算金额95%，5%质保2年（如有需要，乙方接受配合甲方债权转让或抵消，以房屋等资产抵偿等形式清偿材料款）
404,活接内丝,"DN25×1""",,,,,个,8,11.27,90.16,12.7351,101.8808,共同,2025.7.7，相应机具免费提供壹台，含活接密封圈，货到现场2月支付至到货金额80%，竣工支付至结算金额95%，5%质保2年（如有需要，乙方接受配合甲方债权转让或抵消，以房屋等资产抵偿等形式清偿材料款）
405,活接内丝,DN32×1¼,,,,,个,8,15.09,120.72,17.0517,136.4136,共同,2025.7.7，相应机具免费提供壹台，含活接密封圈，货到现场2月支付至到货金额80%，竣工支付至结算金额95%，5%质保2年（如有需要，乙方接受配合甲方债权转让或抵消，以房屋等资产抵偿等形式清偿材料款）
406,活接内丝,DN40×1½,,,,,个,8,19.95,159.6,22.5435,180.348,共同,2025.7.7，相应机具免费提供壹台，含活接密封圈，货到现场2月支付至到货金额80%，竣工支付至结算金额95%，5%质保2年（如有需要，乙方接受配合甲方债权转让或抵消，以房屋等资产抵偿等形式清偿材料款）
407,活接内丝,"DN50×2""",,,,,个,8,27.2,217.6,30.736,245.888,共同,2025.7.7，相应机具免费提供壹台，含活接密封圈，货到现场2月支付至到货金额80%，竣工支付至结算金额95%，5%质保2年（如有需要，乙方接受配合甲方债权转让或抵消，以房屋等资产抵偿等形式清偿材料款）
408,活接内丝,DN15×½,,,,,个,8,6.47,51.76,7.3111,58.4888,共同,2025.7.7，相应机具免费提供壹台，含活接密封圈，货到现场2月支付至到货金额80%，竣工支付至结算金额95%，5%质保2年（如有需要，乙方接受配合甲方债权转让或抵消，以房屋等资产抵偿等形式清偿材料款）
409,活接内丝,DN20×¾,,,,,个,8,7.65,61.2,8.6445,69.156,共同,2025.7.7，相应机具免费提供壹台，含活接密封圈，货到现场2月支付至到货金额80%，竣工支付至结算金额95%，5%质保2年（如有需要，乙方接受配合甲方债权转让或抵消，以房屋等资产抵偿等形式清偿材料款）
410,活接内丝,"DN25×1""",,,,,个,8,11.27,90.16,12.7351,101.8808,共同,2025.7.7，相应机具免费提供壹台，含活接密封圈，货到现场2月支付至到货金额80%，竣工支付至结算金额95%，5%质保2年（如有需要，乙方接受配合甲方债权转让或抵消，以房屋等资产抵偿等形式清偿材料款）
411,活接内丝,DN32×1¼,,,,,个,8,15.09,120.72,17.0517,136.4136,共同,2025.7.7，相应机具免费提供壹台，含活接密封圈，货到现场2月支付至到货金额80%，竣工支付至结算金额95%，5%质保2年（如有需要，乙方接受配合甲方债权转让或抵消，以房屋等资产抵偿等形式清偿材料款）
412,活接内丝,DN40×1½,,,,,个,8,19.95,159.6,22.5435,180.348,共同,2025.7.7，相应机具免费提供壹台，含活接密封圈，货到现场2月支付至到货金额80%，竣工支付至结算金额95%，5%质保2年（如有需要，乙方接受配合甲方债权转让或抵消，以房屋等资产抵偿等形式清偿材料款）
413,活接内丝,"DN50×2""",,,,,个,8,27.2,217.6,30.736,245.888,共同,2025.7.7，相应机具免费提供壹台，含活接密封圈，货到现场2月支付至到货金额80%，竣工支付至结算金额95%，5%质保2年（如有需要，乙方接受配合甲方债权转让或抵消，以房屋等资产抵偿等形式清偿材料款）
414,双外丝,DN15×½,,,,,个,8,4.74,37.92,5.3562,42.8496,共同,2025.7.7，相应机具免费提供壹台，含活接密封圈，货到现场2月支付至到货金额80%，竣工支付至结算金额95%，5%质保2年（如有需要，乙方接受配合甲方债权转让或抵消，以房屋等资产抵偿等形式清偿材料款）
415,双外丝,DN20×¾,,,,,个,8,6.18,49.44,6.9834,55.8672,共同,2025.7.7，相应机具免费提供壹台，含活接密封圈，货到现场2月支付至到货金额80%，竣工支付至结算金额95%，5%质保2年（如有需要，乙方接受配合甲方债权转让或抵消，以房屋等资产抵偿等形式清偿材料款）
416,双外丝,"DN25×1""",,,,,个,8,8.66,69.28,9.7858,78.2864,共同,2025.7.7，相应机具免费提供壹台，含活接密封圈，货到现场2月支付至到货金额80%，竣工支付至结算金额95%，5%质保2年（如有需要，乙方接受配合甲方债权转让或抵消，以房屋等资产抵偿等形式清偿材料款）
417,双外丝,DN32×1¼,,,,,个,8,11.24,89.92,12.7012,101.6096,共同,2025.7.7，相应机具免费提供壹台，含活接密封圈，货到现场2月支付至到货金额80%，竣工支付至结算金额95%，5%质保2年（如有需要，乙方接受配合甲方债权转让或抵消，以房屋等资产抵偿等形式清偿材料款）
418,双外丝,DN40×1½,,,,,个,8,14.27,114.16,16.1251,129.0008,共同,2025.7.7，相应机具免费提供壹台，含活接密封圈，货到现场2月支付至到货金额80%，竣工支付至结算金额95%，5%质保2年（如有需要，乙方接受配合甲方债权转让或抵消，以房屋等资产抵偿等形式清偿材料款）
419,双外丝,"DN50×2""",,,,,个,8,18.14,145.12,20.4982,163.9856,共同,2025.7.7，相应机具免费提供壹台，含活接密封圈，货到现场2月支付至到货金额80%，竣工支付至结算金额95%，5%质保2年（如有需要，乙方接受配合甲方债权转让或抵消，以房屋等资产抵偿等形式清偿材料款）
420,卡（环）压法兰,DN50,,,,,个,8,45.1,360.8,50.963,407.704,共同,2025.7.7，相应机具免费提供壹台，含活接密封圈，货到现场2月支付至到货金额80%，竣工支付至结算金额95%，5%质保2年（如有需要，乙方接受配合甲方债权转让或抵消，以房屋等资产抵偿等形式清偿材料款）
421,卡（环）压法兰,DN65,,,,,个,8,88.4,707.2,99.892,799.136,共同,2025.7.7，相应机具免费提供壹台，含活接密封圈，货到现场2月支付至到货金额80%，竣工支付至结算金额95%，5%质保2年（如有需要，乙方接受配合甲方债权转让或抵消，以房屋等资产抵偿等形式清偿材料款）
422,卡压（环）法兰,DN70,,,,,个,8,114.01,912.08,128.8313,1030.6504,共同,2025.7.7，相应机具免费提供壹台，含活接密封圈，货到现场2月支付至到货金额80%，竣工支付至结算金额95%，5%质保2年（如有需要，乙方接受配合甲方债权转让或抵消，以房屋等资产抵偿等形式清偿材料款）
423,卡压（环）法兰,DN80,,,,,个,8,122.67,981.36,138.6171,1108.9368,共同,2025.7.7，相应机具免费提供壹台，含活接密封圈，货到现场2月支付至到货金额80%，竣工支付至结算金额95%，5%质保2年（如有需要，乙方接受配合甲方债权转让或抵消，以房屋等资产抵偿等形式清偿材料款）
424,沟槽法兰,DN100,,,,,个,8,192.73,1541.84,217.7849,1742.2792,共同,2025.7.7，相应机具免费提供壹台，含活接密封圈，货到现场2月支付至到货金额80%，竣工支付至结算金额95%，5%质保2年（如有需要，乙方接受配合甲方债权转让或抵消，以房屋等资产抵偿等形式清偿材料款）
425,沟槽法兰,DN150,,,,,个,8,331.17,2649.36,374.2221,2993.7768,共同,2025.7.7，相应机具免费提供壹台，含活接密封圈，货到现场2月支付至到货金额80%，竣工支付至结算金额95%，5%质保2年（如有需要，乙方接受配合甲方债权转让或抵消，以房屋等资产抵偿等形式清偿材料款）
426,沟槽法兰,DN200,,,,,个,8,356.96,2855.68,403.3648,3226.9184,共同,2025.7.7，相应机具免费提供壹台，含活接密封圈，货到现场2月支付至到货金额80%，竣工支付至结算金额95%，5%质保2年（如有需要，乙方接受配合甲方债权转让或抵消，以房屋等资产抵偿等形式清偿材料款）
427,沟槽法兰,DN250,,,,,个,8,511.56,4092.48,578.0628,4624.5024,共同,2025.7.7，相应机具免费提供壹台，含活接密封圈，货到现场2月支付至到货金额80%，竣工支付至结算金额95%，5%质保2年（如有需要，乙方接受配合甲方债权转让或抵消，以房屋等资产抵偿等形式清偿材料款）
428,卡压（环）堵头,DN15,,,,,个,8,2.64,21.12,2.9832,23.8656,共同,2025.7.7，相应机具免费提供壹台，含活接密封圈，货到现场2月支付至到货金额80%，竣工支付至结算金额95%，5%质保2年（如有需要，乙方接受配合甲方债权转让或抵消，以房屋等资产抵偿等形式清偿材料款）
429,卡压（环）堵头,DN2O,,,,,个,8,3.61,28.88,4.0793,32.6344,共同,2025.7.7，相应机具免费提供壹台，含活接密封圈，货到现场2月支付至到货金额80%，竣工支付至结算金额95%，5%质保2年（如有需要，乙方接受配合甲方债权转让或抵消，以房屋等资产抵偿等形式清偿材料款）
430,卡压（环）堵头,DN25,,,,,个,8,4.77,38.16,5.3901,43.1208,共同,2025.7.7，相应机具免费提供壹台，含活接密封圈，货到现场2月支付至到货金额80%，竣工支付至结算金额95%，5%质保2年（如有需要，乙方接受配合甲方债权转让或抵消，以房屋等资产抵偿等形式清偿材料款）
431,卡压（环）堵头,DN32,,,,,个,8,6.4,51.2,7.232,57.856,共同,2025.7.7，相应机具免费提供壹台，含活接密封圈，货到现场2月支付至到货金额80%，竣工支付至结算金额95%，5%质保2年（如有需要，乙方接受配合甲方债权转让或抵消，以房屋等资产抵偿等形式清偿材料款）
432,卡压（环）堵头,DN40,,,,,个,8,9.06,72.48,10.2378,81.9024,共同,2025.7.7，相应机具免费提供壹台，含活接密封圈，货到现场2月支付至到货金额80%，竣工支付至结算金额95%，5%质保2年（如有需要，乙方接受配合甲方债权转让或抵消，以房屋等资产抵偿等形式清偿材料款）
433,卡压（环）堵头,DN50,,,,,个,8,16.38,131.04,18.5094,148.0752,共同,2025.7.7，相应机具免费提供壹台，含活接密封圈，货到现场2月支付至到货金额80%，竣工支付至结算金额95%，5%质保2年（如有需要，乙方接受配合甲方债权转让或抵消，以房屋等资产抵偿等形式清偿材料款）
434,卡压（环）堵头,DN60,,,,,个,8,33.45,267.6,37.7985,302.388,共同,2025.7.7，相应机具免费提供壹台，含活接密封圈，货到现场2月支付至到货金额80%，竣工支付至结算金额95%，5%质保2年（如有需要，乙方接受配合甲方债权转让或抵消，以房屋等资产抵偿等形式清偿材料款）
435,卡压（环）堵头,DN65,,,,,个,8,43.65,349.2,49.3245,394.596,共同,2025.7.7，相应机具免费提供壹台，含活接密封圈，货到现场2月支付至到货金额80%，竣工支付至结算金额95%，5%质保2年（如有需要，乙方接受配合甲方债权转让或抵消，以房屋等资产抵偿等形式清偿材料款）
436,卡压（环）堵头,DN80,,,,,个,8,47.78,382.24,53.9914,431.9312,共同,2025.7.7，相应机具免费提供壹台，含活接密封圈，货到现场2月支付至到货金额80%，竣工支付至结算金额95%，5%质保2年（如有需要，乙方接受配合甲方债权转让或抵消，以房屋等资产抵偿等形式清偿材料款）
437,内丝堵头,DN15×½,,,,,个,8,4.04,32.32,4.5652,36.5216,共同,2025.7.7，相应机具免费提供壹台，含活接密封圈，货到现场2月支付至到货金额80%，竣工支付至结算金额95%，5%质保2年（如有需要，乙方接受配合甲方债权转让或抵消，以房屋等资产抵偿等形式清偿材料款）
438,内丝堵头,DN20×¾,,,,,个,8,5.12,40.96,5.7856,46.2848,共同,2025.7.7，相应机具免费提供壹台，含活接密封圈，货到现场2月支付至到货金额80%，竣工支付至结算金额95%，5%质保2年（如有需要，乙方接受配合甲方债权转让或抵消，以房屋等资产抵偿等形式清偿材料款）
439,内丝堵头,"DN25×1""",,,,,个,8,7.72,61.76,8.7236,69.7888,共同,2025.7.7，相应机具免费提供壹台，含活接密封圈，货到现场2月支付至到货金额80%，竣工支付至结算金额95%，5%质保2年（如有需要，乙方接受配合甲方债权转让或抵消，以房屋等资产抵偿等形式清偿材料款）
440,内丝堵头,DN32×1¼,,,,,个,8,11.42,91.36,12.9046,103.2368,共同,2025.7.7，相应机具免费提供壹台，含活接密封圈，货到现场2月支付至到货金额80%，竣工支付至结算金额95%，5%质保2年（如有需要，乙方接受配合甲方债权转让或抵消，以房屋等资产抵偿等形式清偿材料款）
441,内丝堵头,DN40×1½,,,,,个,8,14.17,113.36,16.0121,128.0968,共同,2025.7.7，相应机具免费提供壹台，含活接密封圈，货到现场2月支付至到货金额80%，竣工支付至结算金额95%，5%质保2年（如有需要，乙方接受配合甲方债权转让或抵消，以房屋等资产抵偿等形式清偿材料款）
442,内丝堵头,"DN50×2""",,,,,个,8,19.11,152.88,21.5943,172.7544,共同,2025.7.7，相应机具免费提供壹台，含活接密封圈，货到现场2月支付至到货金额80%，竣工支付至结算金额95%，5%质保2年（如有需要，乙方接受配合甲方债权转让或抵消，以房屋等资产抵偿等形式清偿材料款）
443,沟槽式异径直通,DN100*80,,,,,个,8,98.45,787.6,111.2485,889.988,共同,2025.7.7，相应机具免费提供壹台，含活接密封圈，货到现场2月支付至到货金额80%，竣工支付至结算金额95%，5%质保2年（如有需要，乙方接受配合甲方债权转让或抵消，以房屋等资产抵偿等形式清偿材料款）
444,沟槽式异径直通,DN150*100,,,,,个,8,181.58,1452.64,205.1854,1641.4832,共同,2025.7.7，相应机具免费提供壹台，含活接密封圈，货到现场2月支付至到货金额80%，竣工支付至结算金额95%，5%质保2年（如有需要，乙方接受配合甲方债权转让或抵消，以房屋等资产抵偿等形式清偿材料款）
445,沟槽式异径直通,DN150×125,,,,,个,8,108.95,871.6,123.1135,984.908,共同,2025.7.7，相应机具免费提供壹台，含活接密封圈，货到现场2月支付至到货金额80%，竣工支付至结算金额95%，5%质保2年（如有需要，乙方接受配合甲方债权转让或抵消，以房屋等资产抵偿等形式清偿材料款）
446,沟槽式异径直通,DN200×125,,,,,个,8,202.56,1620.48,228.8928,1831.1424,共同,2025.7.7，相应机具免费提供壹台，含活接密封圈，货到现场2月支付至到货金额80%，竣工支付至结算金额95%，5%质保2年（如有需要，乙方接受配合甲方债权转让或抵消，以房屋等资产抵偿等形式清偿材料款）
447,沟槽式异径直通,DN200×150,,,,,个,8,210.24,1681.92,237.5712,1900.5696,共同,2025.7.7，相应机具免费提供壹台，含活接密封圈，货到现场2月支付至到货金额80%，竣工支付至结算金额95%，5%质保2年（如有需要，乙方接受配合甲方债权转让或抵消，以房屋等资产抵偿等形式清偿材料款）
448,沟槽式异径直通,DN250×125,,,,,个,8,335.61,2684.88,379.2393,3033.9144,共同,2025.7.7，相应机具免费提供壹台，含活接密封圈，货到现场2月支付至到货金额80%，竣工支付至结算金额95%，5%质保2年（如有需要，乙方接受配合甲方债权转让或抵消，以房屋等资产抵偿等形式清偿材料款）
449,沟槽式异径直通,DN250×150,,,,,个,8,314.9,2519.2,355.837,2846.696,共同,2025.7.7，相应机具免费提供壹台，含活接密封圈，货到现场2月支付至到货金额80%，竣工支付至结算金额95%，5%质保2年（如有需要，乙方接受配合甲方债权转让或抵消，以房屋等资产抵偿等形式清偿材料款）
450,沟槽式异径直通,DN250×200,,,,,个,8,290.04,2320.32,327.7452,2621.9616,共同,2025.7.7，相应机具免费提供壹台，含活接密封圈，货到现场2月支付至到货金额80%，竣工支付至结算金额95%，5%质保2年（如有需要，乙方接受配合甲方债权转让或抵消，以房屋等资产抵偿等形式清偿材料款）
451,沟槽式异径直通,DN150×125,,,,,个,8,98.05,784.4,110.7965,886.372,共同,2025.7.7，相应机具免费提供壹台，含活接密封圈，货到现场2月支付至到货金额80%，竣工支付至结算金额95%，5%质保2年（如有需要，乙方接受配合甲方债权转让或抵消，以房屋等资产抵偿等形式清偿材料款）
452,沟槽式异径直通,DN200×125,,,,,个,8,182.3,1458.4,205.999,1647.992,共同,2025.7.7，相应机具免费提供壹台，含活接密封圈，货到现场2月支付至到货金额80%，竣工支付至结算金额95%，5%质保2年（如有需要，乙方接受配合甲方债权转让或抵消，以房屋等资产抵偿等形式清偿材料款）
453,沟槽式异径直通,DN200×150,,,,,个,8,189.22,1513.76,213.8186,1710.5488,共同,2025.7.7，相应机具免费提供壹台，含活接密封圈，货到现场2月支付至到货金额80%，竣工支付至结算金额95%，5%质保2年（如有需要，乙方接受配合甲方债权转让或抵消，以房屋等资产抵偿等形式清偿材料款）
454,沟槽式异径直通,DN250×125,,,,,个,8,335.61,2684.88,379.2393,3033.9144,共同,2025.7.7，相应机具免费提供壹台，含活接密封圈，货到现场2月支付至到货金额80%，竣工支付至结算金额95%，5%质保2年（如有需要，乙方接受配合甲方债权转让或抵消，以房屋等资产抵偿等形式清偿材料款）
455,沟槽式异径直通,DN250×150,,,,,个,8,314.9,2519.2,355.837,2846.696,共同,2025.7.7，相应机具免费提供壹台，含活接密封圈，货到现场2月支付至到货金额80%，竣工支付至结算金额95%，5%质保2年（如有需要，乙方接受配合甲方债权转让或抵消，以房屋等资产抵偿等形式清偿材料款）
456,沟槽式异径直通,DN250×200,,,,,个,8,290.04,2320.32,327.7452,2621.9616,共同,2025.7.7，相应机具免费提供壹台，含活接密封圈，货到现场2月支付至到货金额80%，竣工支付至结算金额95%，5%质保2年（如有需要，乙方接受配合甲方债权转让或抵消，以房屋等资产抵偿等形式清偿材料款）
457,不锈钢卡箍,DN100,,,,,个,8,187.72,1501.76,212.1236,1696.9888,共同,2025.7.7，相应机具免费提供壹台，含活接密封圈，货到现场2月支付至到货金额80%，竣工支付至结算金额95%，5%质保2年（如有需要，乙方接受配合甲方债权转让或抵消，以房屋等资产抵偿等形式清偿材料款）
458,不锈钢卡箍,DN150,,,,,个,8,268.18,2145.44,303.0434,2424.3472,共同,2025.7.7，相应机具免费提供壹台，含活接密封圈，货到现场2月支付至到货金额80%，竣工支付至结算金额95%，5%质保2年（如有需要，乙方接受配合甲方债权转让或抵消，以房屋等资产抵偿等形式清偿材料款）
459,不锈钢卡箍,DN200,,,,,个,8,536.35,4290.8,606.0755,4848.604,共同,2025.7.7，相应机具免费提供壹台，含活接密封圈，货到现场2月支付至到货金额80%，竣工支付至结算金额95%，5%质保2年（如有需要，乙方接受配合甲方债权转让或抵消，以房屋等资产抵偿等形式清偿材料款）
460,不锈钢卡箍,DN250,,,,,个,8,530.03,4240.24,598.9339,4791.4712,共同,2025.7.7，相应机具免费提供壹台，含活接密封圈，货到现场2月支付至到货金额80%，竣工支付至结算金额95%，5%质保2年（如有需要，乙方接受配合甲方债权转让或抵消，以房屋等资产抵偿等形式清偿材料款）
461,沟槽盲板,DN100,,,,,个,8,80.87,646.96,91.3831,731.0648,共同,2025.7.7，相应机具免费提供壹台，含活接密封圈，货到现场2月支付至到货金额80%，竣工支付至结算金额95%，5%质保2年（如有需要，乙方接受配合甲方债权转让或抵消，以房屋等资产抵偿等形式清偿材料款）
462,沟槽盲板,DN150,,,,,个,8,191.81,1534.48,216.7453,1733.9624,共同,2025.7.7，相应机具免费提供壹台，含活接密封圈，货到现场2月支付至到货金额80%，竣工支付至结算金额95%，5%质保2年（如有需要，乙方接受配合甲方债权转让或抵消，以房屋等资产抵偿等形式清偿材料款）
463,沟槽盲板,DN200,,,,,个,8,253.2,2025.6,286.116,2288.928,共同,2025.7.7，相应机具免费提供壹台，含活接密封圈，货到现场2月支付至到货金额80%，竣工支付至结算金额95%，5%质保2年（如有需要，乙方接受配合甲方债权转让或抵消，以房屋等资产抵偿等形式清偿材料款）
464,沟槽盲板,DN250,,,,,个,8,368.29,2946.32,416.1677,3329.3416,共同,2025.7.7，相应机具免费提供壹台，含活接密封圈，货到现场2月支付至到货金额80%，竣工支付至结算金额95%，5%质保2年（如有需要，乙方接受配合甲方债权转让或抵消，以房屋等资产抵偿等形式清偿材料款）
