序号,名称,型号,规格,镀锌钢板/不锈钢板厚度（参照技规）,数量,单位,含税单价（13%）,价税合计,品牌,备注
1,单层百叶风口,AV,600*600,,40,台,96,3840,靖江启达,2025.1.8，无预付款，货到现场验收合格2月内付至到货款50%，竣工验收后付至80%，结算并档案验收后付至结算金额97%，3%质保2年
2,单层百叶风口,AV,300*1200,,2,台,98,196,靖江启达,2025.1.8，无预付款，货到现场验收合格2月内付至到货款50%，竣工验收后付至80%，结算并档案验收后付至结算金额97%，3%质保2年
3,单层百叶风口,AV,300*300,,14,台,39,546,靖江启达,2025.1.8，无预付款，货到现场验收合格2月内付至到货款50%，竣工验收后付至80%，结算并档案验收后付至结算金额97%，3%质保2年
4,排烟阀全自动带就地控制,BEEC,1000*320,,15,台,815,12225,靖江启达,2025.1.8，无预付款，货到现场验收合格2月内付至到货款50%，竣工验收后付至80%，结算并档案验收后付至结算金额97%，3%质保2年
5,排烟防火阀 280℃,FVDH,1000*320,,15,台,399,5985,靖江启达,2025.1.8，无预付款，货到现场验收合格2月内付至到货款50%，竣工验收后付至80%，结算并档案验收后付至结算金额97%，3%质保2年
6,单层百叶风口,AV,100*100,,2,台,21,42,靖江启达,2025.1.8，无预付款，货到现场验收合格2月内付至到货款50%，竣工验收后付至80%，结算并档案验收后付至结算金额97%，3%质保2年
7,单层百叶风口,AV,1200*400,,1,台,120,120,靖江启达,2025.1.8，无预付款，货到现场验收合格2月内付至到货款50%，竣工验收后付至80%，结算并档案验收后付至结算金额97%，3%质保2年
8,单层百叶风口,AV,1200*600,,2,台,161,322,靖江启达,2025.1.8，无预付款，货到现场验收合格2月内付至到货款50%，竣工验收后付至80%，结算并档案验收后付至结算金额97%，3%质保2年
9,单层百叶风口,AV,1600*400,,1,台,159,159,靖江启达,2025.1.8，无预付款，货到现场验收合格2月内付至到货款50%，竣工验收后付至80%，结算并档案验收后付至结算金额97%，3%质保2年
10,单层百叶风口,AV,200*200,,16,台,29,464,靖江启达,2025.1.8，无预付款，货到现场验收合格2月内付至到货款50%，竣工验收后付至80%，结算并档案验收后付至结算金额97%，3%质保2年
11,单层百叶风口,AV,300*300,,2,台,39,78,靖江启达,2025.1.8，无预付款，货到现场验收合格2月内付至到货款50%，竣工验收后付至80%，结算并档案验收后付至结算金额97%，3%质保2年
12,单层百叶风口,AV,600*300,,5,台,59,295,靖江启达,2025.1.8，无预付款，货到现场验收合格2月内付至到货款50%，竣工验收后付至80%，结算并档案验收后付至结算金额97%，3%质保2年
13,单层百叶风口,AV,800*400,,1,台,86,86,靖江启达,2025.1.8，无预付款，货到现场验收合格2月内付至到货款50%，竣工验收后付至80%，结算并档案验收后付至结算金额97%，3%质保2年
14,单层百叶风口,AV,900*300,,2,台,78,156,靖江启达,2025.1.8，无预付款，货到现场验收合格2月内付至到货款50%，竣工验收后付至80%，结算并档案验收后付至结算金额97%，3%质保2年
15,单层百叶风口带调节阀,AV/D,150*150,,6,台,42,252,靖江启达,2025.1.8，无预付款，货到现场验收合格2月内付至到货款50%，竣工验收后付至80%，结算并档案验收后付至结算金额97%，3%质保2年
16,单层百叶风口带调节阀,AV/D,1500*500,,1,台,354,354,靖江启达,2025.1.8，无预付款，货到现场验收合格2月内付至到货款50%，竣工验收后付至80%，结算并档案验收后付至结算金额97%，3%质保2年
17,单层百叶风口带调节阀,AV/D,300*300,,1,台,71,71,靖江启达,2025.1.8，无预付款，货到现场验收合格2月内付至到货款50%，竣工验收后付至80%，结算并档案验收后付至结算金额97%，3%质保2年
18,单层百叶风口带调节阀,AV/D,400*400,,2,台,98,196,靖江启达,2025.1.8，无预付款，货到现场验收合格2月内付至到货款50%，竣工验收后付至80%，结算并档案验收后付至结算金额97%，3%质保2年
19,单层百叶风口带调节阀,AV/D,400*800,,1,台,170,170,靖江启达,2025.1.8，无预付款，货到现场验收合格2月内付至到货款50%，竣工验收后付至80%，结算并档案验收后付至结算金额97%，3%质保2年
20,单层百叶风口带调节阀,AV/D,500*500,,4,台,140,560,靖江启达,2025.1.8，无预付款，货到现场验收合格2月内付至到货款50%，竣工验收后付至80%，结算并档案验收后付至结算金额97%，3%质保2年
21,单层百叶风口带调节阀,AV/D,800*1200,,1,台,449,449,靖江启达,2025.1.8，无预付款，货到现场验收合格2月内付至到货款50%，竣工验收后付至80%，结算并档案验收后付至结算金额97%，3%质保2年
22,方型散流器带调节阀,C4/D,300*300,,1,台,92,92,靖江启达,2025.1.8，无预付款，货到现场验收合格2月内付至到货款50%，竣工验收后付至80%，结算并档案验收后付至结算金额97%，3%质保2年
23,机械式定风量阀,CAV,120*120,,1,台,116,116,靖江启达,2025.1.8，无预付款，货到现场验收合格2月内付至到货款50%，竣工验收后付至80%，结算并档案验收后付至结算金额97%，3%质保2年
24,机械式定风量阀,CAV,250*120,,5,台,141,705,靖江启达,2025.1.8，无预付款，货到现场验收合格2月内付至到货款50%，竣工验收后付至80%，结算并档案验收后付至结算金额97%，3%质保2年
25,机械式定风量阀,CAV,250*160,,1,台,156,156,靖江启达,2025.1.8，无预付款，货到现场验收合格2月内付至到货款50%，竣工验收后付至80%，结算并档案验收后付至结算金额97%，3%质保2年
26,机械式定风量阀,CAV,320*250,,1,台,217,217,靖江启达,2025.1.8，无预付款，货到现场验收合格2月内付至到货款50%，竣工验收后付至80%，结算并档案验收后付至结算金额97%，3%质保2年
27,机械式定风量阀,CAV,400*250,,1,台,247,247,靖江启达,2025.1.8，无预付款，货到现场验收合格2月内付至到货款50%，竣工验收后付至80%，结算并档案验收后付至结算金额97%，3%质保2年
28,机械式定风量阀,CAV,400*320,,1,台,274,274,靖江启达,2025.1.8，无预付款，货到现场验收合格2月内付至到货款50%，竣工验收后付至80%，结算并档案验收后付至结算金额97%，3%质保2年
29,机械式定风量阀,CAV,800*400,,1,台,456,456,靖江启达,2025.1.8，无预付款，货到现场验收合格2月内付至到货款50%，竣工验收后付至80%，结算并档案验收后付至结算金额97%，3%质保2年
30,机械式定风量阀,CAV,800*500,,1,台,494,494,靖江启达,2025.1.8，无预付款，货到现场验收合格2月内付至到货款50%，竣工验收后付至80%，结算并档案验收后付至结算金额97%，3%质保2年
31,防火阀 70℃,FVD,1000*400,,5,台,422,2110,靖江启达,2025.1.8，无预付款，货到现场验收合格2月内付至到货款50%，竣工验收后付至80%，结算并档案验收后付至结算金额97%，3%质保2年
32,防火阀 70℃,FVD,1000*500,,4,台,494,1976,靖江启达,2025.1.8，无预付款，货到现场验收合格2月内付至到货款50%，竣工验收后付至80%，结算并档案验收后付至结算金额97%，3%质保2年
33,防火阀 70℃,FVD,1200*500,,3,台,552,1656,靖江启达,2025.1.8，无预付款，货到现场验收合格2月内付至到货款50%，竣工验收后付至80%，结算并档案验收后付至结算金额97%，3%质保2年
34,防火阀 70℃,FVD,160*120,,2,台,137,274,靖江启达,2025.1.8，无预付款，货到现场验收合格2月内付至到货款50%，竣工验收后付至80%，结算并档案验收后付至结算金额97%，3%质保2年
35,防火阀 70℃,FVD,200*120,,1,台,144,144,靖江启达,2025.1.8，无预付款，货到现场验收合格2月内付至到货款50%，竣工验收后付至80%，结算并档案验收后付至结算金额97%，3%质保2年
36,防火阀 70℃,FVD,200*200,,1,台,162,162,靖江启达,2025.1.8，无预付款，货到现场验收合格2月内付至到货款50%，竣工验收后付至80%，结算并档案验收后付至结算金额97%，3%质保2年
37,防火阀 70℃,FVD,200*500,,1,台,215,215,靖江启达,2025.1.8，无预付款，货到现场验收合格2月内付至到货款50%，竣工验收后付至80%，结算并档案验收后付至结算金额97%，3%质保2年
38,防火阀 70℃,FVD,250*160,,1,台,164,164,靖江启达,2025.1.8，无预付款，货到现场验收合格2月内付至到货款50%，竣工验收后付至80%，结算并档案验收后付至结算金额97%，3%质保2年
39,防火阀 70℃,FVD,250*200,,1,台,174,174,靖江启达,2025.1.8，无预付款，货到现场验收合格2月内付至到货款50%，竣工验收后付至80%，结算并档案验收后付至结算金额97%，3%质保2年
40,防火阀 70℃,FVD,250*320,,2,台,186,372,靖江启达,2025.1.8，无预付款，货到现场验收合格2月内付至到货款50%，竣工验收后付至80%，结算并档案验收后付至结算金额97%，3%质保2年
41,防火阀 70℃,FVD,250*500,,1,台,228,228,靖江启达,2025.1.8，无预付款，货到现场验收合格2月内付至到货款50%，竣工验收后付至80%，结算并档案验收后付至结算金额97%，3%质保2年
42,防火阀 70℃,FVD,320*200,,1,台,176,176,靖江启达,2025.1.8，无预付款，货到现场验收合格2月内付至到货款50%，竣工验收后付至80%，结算并档案验收后付至结算金额97%，3%质保2年
43,防火阀 70℃,FVD,320*250,,4,台,186,744,靖江启达,2025.1.8，无预付款，货到现场验收合格2月内付至到货款50%，竣工验收后付至80%，结算并档案验收后付至结算金额97%，3%质保2年
44,防火阀 70℃,FVD,320*500,,3,台,270,810,靖江启达,2025.1.8，无预付款，货到现场验收合格2月内付至到货款50%，竣工验收后付至80%，结算并档案验收后付至结算金额97%，3%质保2年
45,防火阀 70℃,FVD,400*160,,2,台,185,370,靖江启达,2025.1.8，无预付款，货到现场验收合格2月内付至到货款50%，竣工验收后付至80%，结算并档案验收后付至结算金额97%，3%质保2年
46,防火阀 70℃,FVD,400*500,,1,台,321,321,靖江启达,2025.1.8，无预付款，货到现场验收合格2月内付至到货款50%，竣工验收后付至80%，结算并档案验收后付至结算金额97%，3%质保2年
47,防火阀 70℃,FVD,500*200,,1,台,215,215,靖江启达,2025.1.8，无预付款，货到现场验收合格2月内付至到货款50%，竣工验收后付至80%，结算并档案验收后付至结算金额97%，3%质保2年
48,防火阀 70℃,FVD,500*250,,1,台,228,228,靖江启达,2025.1.8，无预付款，货到现场验收合格2月内付至到货款50%，竣工验收后付至80%，结算并档案验收后付至结算金额97%，3%质保2年
49,防火阀 70℃,FVD,500*320,,1,台,270,270,靖江启达,2025.1.8，无预付款，货到现场验收合格2月内付至到货款50%，竣工验收后付至80%，结算并档案验收后付至结算金额97%，3%质保2年
50,防火阀 70℃,FVD,500*500,,2,台,350,700,靖江启达,2025.1.8，无预付款，货到现场验收合格2月内付至到货款50%，竣工验收后付至80%，结算并档案验收后付至结算金额97%，3%质保2年
51,防火阀 70℃,FVD,630*320,,1,台,305,305,靖江启达,2025.1.8，无预付款，货到现场验收合格2月内付至到货款50%，竣工验收后付至80%，结算并档案验收后付至结算金额97%，3%质保2年
52,防火阀 70℃,FVD,630*400,,7,台,326,2282,靖江启达,2025.1.8，无预付款，货到现场验收合格2月内付至到货款50%，竣工验收后付至80%，结算并档案验收后付至结算金额97%，3%质保2年
53,防火阀 70℃,FVD,630*500,,5,台,387,1935,靖江启达,2025.1.8，无预付款，货到现场验收合格2月内付至到货款50%，竣工验收后付至80%，结算并档案验收后付至结算金额97%，3%质保2年
54,防火阀 70℃,FVD,630*630,,1,台,425,425,靖江启达,2025.1.8，无预付款，货到现场验收合格2月内付至到货款50%，竣工验收后付至80%，结算并档案验收后付至结算金额97%，3%质保2年
55,防火阀 70℃,FVD,800*500,,10,台,437,4370,靖江启达,2025.1.8，无预付款，货到现场验收合格2月内付至到货款50%，竣工验收后付至80%，结算并档案验收后付至结算金额97%，3%质保2年
56,防火阀 70℃,FVD,900*630,,1,台,504,504,靖江启达,2025.1.8，无预付款，货到现场验收合格2月内付至到货款50%，竣工验收后付至80%，结算并档案验收后付至结算金额97%，3%质保2年
61,手动调节阀,VD,120*120,,2,台,60,120,靖江启达,2025.1.8，无预付款，货到现场验收合格2月内付至到货款50%，竣工验收后付至80%，结算并档案验收后付至结算金额97%，3%质保2年
62,手动调节阀,VD,160*120,,1,台,66,66,靖江启达,2025.1.8，无预付款，货到现场验收合格2月内付至到货款50%，竣工验收后付至80%，结算并档案验收后付至结算金额97%，3%质保2年
63,手动调节阀,VD,200*120,,10,台,72,720,靖江启达,2025.1.8，无预付款，货到现场验收合格2月内付至到货款50%，竣工验收后付至80%，结算并档案验收后付至结算金额97%，3%质保2年
64,手动调节阀,VD,200*160,,3,台,80,240,靖江启达,2025.1.8，无预付款，货到现场验收合格2月内付至到货款50%，竣工验收后付至80%，结算并档案验收后付至结算金额97%，3%质保2年
65,手动调节阀,VD,250*160,,22,台,87,1914,靖江启达,2025.1.8，无预付款，货到现场验收合格2月内付至到货款50%，竣工验收后付至80%，结算并档案验收后付至结算金额97%，3%质保2年
66,手动调节阀,VD,250*200,,9,台,93,837,靖江启达,2025.1.8，无预付款，货到现场验收合格2月内付至到货款50%，竣工验收后付至80%，结算并档案验收后付至结算金额97%，3%质保2年
67,手动调节阀,VD,250*250,,1,台,95,95,靖江启达,2025.1.8，无预付款，货到现场验收合格2月内付至到货款50%，竣工验收后付至80%，结算并档案验收后付至结算金额97%，3%质保2年
68,手动调节阀,VD,320*160,,3,台,95,285,靖江启达,2025.1.8，无预付款，货到现场验收合格2月内付至到货款50%，竣工验收后付至80%，结算并档案验收后付至结算金额97%，3%质保2年
69,手动调节阀,VD,320*200,,3,台,95,285,靖江启达,2025.1.8，无预付款，货到现场验收合格2月内付至到货款50%，竣工验收后付至80%，结算并档案验收后付至结算金额97%，3%质保2年
70,手动调节阀,VD,320*250,,10,台,98,980,靖江启达,2025.1.8，无预付款，货到现场验收合格2月内付至到货款50%，竣工验收后付至80%，结算并档案验收后付至结算金额97%，3%质保2年
71,手动调节阀,VD,400*250,,2,台,111,222,靖江启达,2025.1.8，无预付款，货到现场验收合格2月内付至到货款50%，竣工验收后付至80%，结算并档案验收后付至结算金额97%，3%质保2年
72,手动调节阀,VD,400*320,,11,台,137,1507,靖江启达,2025.1.8，无预付款，货到现场验收合格2月内付至到货款50%，竣工验收后付至80%，结算并档案验收后付至结算金额97%，3%质保2年
73,手动调节阀,VD,500*320,,1,台,153,153,靖江启达,2025.1.8，无预付款，货到现场验收合格2月内付至到货款50%，竣工验收后付至80%，结算并档案验收后付至结算金额97%，3%质保2年
74,手动调节阀,VD,500*400,,9,台,170,1530,靖江启达,2025.1.8，无预付款，货到现场验收合格2月内付至到货款50%，竣工验收后付至80%，结算并档案验收后付至结算金额97%，3%质保2年
75,手动调节阀,VD,500*500,,1,台,206,206,靖江启达,2025.1.8，无预付款，货到现场验收合格2月内付至到货款50%，竣工验收后付至80%，结算并档案验收后付至结算金额97%，3%质保2年
76,手动调节阀,VD,630*400,,3,台,191,573,靖江启达,2025.1.8，无预付款，货到现场验收合格2月内付至到货款50%，竣工验收后付至80%，结算并档案验收后付至结算金额97%，3%质保2年
77,电动双位调节风阀,,1000*400,,2,台,347,694,靖江启达,2025.1.8，无预付款，货到现场验收合格2月内付至到货款50%，竣工验收后付至80%，结算并档案验收后付至结算金额97%，3%质保2年
78,电动双位调节风阀,,400*160,,2,台,183,366,靖江启达,2025.1.8，无预付款，货到现场验收合格2月内付至到货款50%，竣工验收后付至80%，结算并档案验收后付至结算金额97%，3%质保2年
79,电动双位调节风阀,,630*320,,2,台,264,528,靖江启达,2025.1.8，无预付款，货到现场验收合格2月内付至到货款50%，竣工验收后付至80%，结算并档案验收后付至结算金额97%，3%质保2年
80,球形排气口,,D200,,1,台,0,0,靖江启达,2025.1.8，无预付款，货到现场验收合格2月内付至到货款50%，竣工验收后付至80%，结算并档案验收后付至结算金额97%，3%质保2年
81,单层百叶风口,AV,100*100,,36,台,21,756,靖江启达,2025.1.8，无预付款，货到现场验收合格2月内付至到货款50%，竣工验收后付至80%，结算并档案验收后付至结算金额97%，3%质保2年
82,单层百叶风口,AV,1000*500,,1,台,116,116,靖江启达,2025.1.8，无预付款，货到现场验收合格2月内付至到货款50%，竣工验收后付至80%，结算并档案验收后付至结算金额97%，3%质保2年
83,单层百叶风口,AV,1200*400,,2,台,120,240,靖江启达,2025.1.8，无预付款，货到现场验收合格2月内付至到货款50%，竣工验收后付至80%，结算并档案验收后付至结算金额97%，3%质保2年
84,单层百叶风口,AV,1200*600,,1,台,161,161,靖江启达,2025.1.8，无预付款，货到现场验收合格2月内付至到货款50%，竣工验收后付至80%，结算并档案验收后付至结算金额97%，3%质保2年
85,单层百叶风口,AV,1200*800,,1,台,201,201,靖江启达,2025.1.8，无预付款，货到现场验收合格2月内付至到货款50%，竣工验收后付至80%，结算并档案验收后付至结算金额97%，3%质保2年
86,单层百叶风口,AV,1500*500,,2,台,174,348,靖江启达,2025.1.8，无预付款，货到现场验收合格2月内付至到货款50%，竣工验收后付至80%，结算并档案验收后付至结算金额97%，3%质保2年
87,单层百叶风口,AV,200*200,,17,台,29,493,靖江启达,2025.1.8，无预付款，货到现场验收合格2月内付至到货款50%，竣工验收后付至80%，结算并档案验收后付至结算金额97%，3%质保2年
88,单层百叶风口,AV,300*300,,81,台,39,3159,靖江启达,2025.1.8，无预付款，货到现场验收合格2月内付至到货款50%，竣工验收后付至80%，结算并档案验收后付至结算金额97%，3%质保2年
89,单层百叶风口,AV,600*300,,2,台,59,118,靖江启达,2025.1.8，无预付款，货到现场验收合格2月内付至到货款50%，竣工验收后付至80%，结算并档案验收后付至结算金额97%，3%质保2年
90,单层百叶风口,AV,800*400,,1,台,86,86,靖江启达,2025.1.8，无预付款，货到现场验收合格2月内付至到货款50%，竣工验收后付至80%，结算并档案验收后付至结算金额97%，3%质保2年
91,单层百叶风口,AV,900*300,,1,台,78,78,靖江启达,2025.1.8，无预付款，货到现场验收合格2月内付至到货款50%，竣工验收后付至80%，结算并档案验收后付至结算金额97%，3%质保2年
92,单层百叶风口带调节阀,AV/D,1200*400,,1,台,245,245,靖江启达,2025.1.8，无预付款，货到现场验收合格2月内付至到货款50%，竣工验收后付至80%，结算并档案验收后付至结算金额97%，3%质保2年
93,单层百叶风口带调节阀,AV/D,200*200,,1,台,51,51,靖江启达,2025.1.8，无预付款，货到现场验收合格2月内付至到货款50%，竣工验收后付至80%，结算并档案验收后付至结算金额97%，3%质保2年
94,单层百叶风口带调节阀,AV/D,300*300,,2,台,71,142,靖江启达,2025.1.8，无预付款，货到现场验收合格2月内付至到货款50%，竣工验收后付至80%，结算并档案验收后付至结算金额97%，3%质保2年
95,单层百叶风口带调节阀,AV/D,400*150,,2,台,60,120,靖江启达,2025.1.8，无预付款，货到现场验收合格2月内付至到货款50%，竣工验收后付至80%，结算并档案验收后付至结算金额97%，3%质保2年
96,方型散流器带调节阀,C4/D,180*180,,40,台,56,2240,靖江启达,2025.1.8，无预付款，货到现场验收合格2月内付至到货款50%，竣工验收后付至80%，结算并档案验收后付至结算金额97%，3%质保2年
97,方型散流器带调节阀,C4/D,250*250,,40,台,80,3200,靖江启达,2025.1.8，无预付款，货到现场验收合格2月内付至到货款50%，竣工验收后付至80%，结算并档案验收后付至结算金额97%，3%质保2年
98,方型散流器带调节阀,C4/D,300*300,,3,台,92,276,靖江启达,2025.1.8，无预付款，货到现场验收合格2月内付至到货款50%，竣工验收后付至80%，结算并档案验收后付至结算金额97%，3%质保2年
99,方型散流器带调节阀,C4/D,360*360,,32,台,117,3744,靖江启达,2025.1.8，无预付款，货到现场验收合格2月内付至到货款50%，竣工验收后付至80%，结算并档案验收后付至结算金额97%，3%质保2年
100,方型散流器带调节阀,C4/D,400*400,,34,台,137,4658,靖江启达,2025.1.8，无预付款，货到现场验收合格2月内付至到货款50%，竣工验收后付至80%，结算并档案验收后付至结算金额97%，3%质保2年
101,机械式定风量阀,CAV,250*160,,5,台,156,780,靖江启达,2025.1.8，无预付款，货到现场验收合格2月内付至到货款50%，竣工验收后付至80%，结算并档案验收后付至结算金额97%，3%质保2年
102,机械式定风量阀,CAV,250*200,,2,台,171,342,靖江启达,2025.1.8，无预付款，货到现场验收合格2月内付至到货款50%，竣工验收后付至80%，结算并档案验收后付至结算金额97%，3%质保2年
103,机械式定风量阀,CAV,320*200,,2,台,198,396,靖江启达,2025.1.8，无预付款，货到现场验收合格2月内付至到货款50%，竣工验收后付至80%，结算并档案验收后付至结算金额97%，3%质保2年
104,机械式定风量阀,CAV,320*250,,2,台,217,434,靖江启达,2025.1.8，无预付款，货到现场验收合格2月内付至到货款50%，竣工验收后付至80%，结算并档案验收后付至结算金额97%，3%质保2年
105,机械式定风量阀,CAV,500*250,,3,台,285,855,靖江启达,2025.1.8，无预付款，货到现场验收合格2月内付至到货款50%，竣工验收后付至80%，结算并档案验收后付至结算金额97%，3%质保2年
106,机械式定风量阀,CAV,630*320,,1,台,361,361,靖江启达,2025.1.8，无预付款，货到现场验收合格2月内付至到货款50%，竣工验收后付至80%，结算并档案验收后付至结算金额97%，3%质保2年
107,不带风箱,E\B,1000*1000,,35,台,204,7140,靖江启达,2025.1.8，无预付款，货到现场验收合格2月内付至到货款50%，竣工验收后付至80%，结算并档案验收后付至结算金额97%，3%质保2年
108,不带风箱,E\B,150*600,,2,台,42,84,靖江启达,2025.1.8，无预付款，货到现场验收合格2月内付至到货款50%，竣工验收后付至80%，结算并档案验收后付至结算金额97%，3%质保2年
109,不带风箱,E\B,25000*300,,6,台,2052,12312,靖江启达,2025.1.8，无预付款，货到现场验收合格2月内付至到货款50%，竣工验收后付至80%，结算并档案验收后付至结算金额97%，3%质保2年
110,不带风箱,E\B,300*6500 ,,2,台,534,1068,靖江启达,2025.1.8，无预付款，货到现场验收合格2月内付至到货款50%，竣工验收后付至80%，结算并档案验收后付至结算金额97%，3%质保2年
111,防火阀 70℃,FVD,1000*1000,,1,台,930,930,靖江启达,2025.1.8，无预付款，货到现场验收合格2月内付至到货款50%，竣工验收后付至80%，结算并档案验收后付至结算金额97%，3%质保2年
112,防火阀 70℃,FVD,1000*500,,2,台,608,1216,靖江启达,2025.1.8，无预付款，货到现场验收合格2月内付至到货款50%，竣工验收后付至80%，结算并档案验收后付至结算金额97%，3%质保2年
113,防火阀 70℃,FVD,250*200,,1,台,209,209,靖江启达,2025.1.8，无预付款，货到现场验收合格2月内付至到货款50%，竣工验收后付至80%，结算并档案验收后付至结算金额97%，3%质保2年
114,防火阀 70℃,FVD,500*320,,3,台,332,996,靖江启达,2025.1.8，无预付款，货到现场验收合格2月内付至到货款50%，竣工验收后付至80%，结算并档案验收后付至结算金额97%，3%质保2年
115,防火阀 70℃,FVD,500*400,,4,台,360,1440,靖江启达,2025.1.8，无预付款，货到现场验收合格2月内付至到货款50%，竣工验收后付至80%，结算并档案验收后付至结算金额97%，3%质保2年
116,防火阀 70℃,FVD,630*400,,2,台,402,804,靖江启达,2025.1.8，无预付款，货到现场验收合格2月内付至到货款50%，竣工验收后付至80%，结算并档案验收后付至结算金额97%，3%质保2年
117,防火阀 70℃,FVD,800*400,,2,台,461,922,靖江启达,2025.1.8，无预付款，货到现场验收合格2月内付至到货款50%，竣工验收后付至80%，结算并档案验收后付至结算金额97%，3%质保2年
118,防火阀 70℃,FVD,800*500,,3,台,534,1602,靖江启达,2025.1.8，无预付款，货到现场验收合格2月内付至到货款50%，竣工验收后付至80%，结算并档案验收后付至结算金额97%，3%质保2年
119,防火阀 70℃,FVD,800*630,,1,台,582,582,靖江启达,2025.1.8，无预付款，货到现场验收合格2月内付至到货款50%，竣工验收后付至80%，结算并档案验收后付至结算金额97%，3%质保2年
120,防火风口,GF,1800*1500,,1,台,3218,3218,靖江启达,2025.1.8，无预付款，货到现场验收合格2月内付至到货款50%，竣工验收后付至80%，结算并档案验收后付至结算金额97%，3%质保2年
131,手动调节阀,VD,120*120,,36,台,60,2160,靖江启达,2025.1.8，无预付款，货到现场验收合格2月内付至到货款50%，竣工验收后付至80%，结算并档案验收后付至结算金额97%，3%质保2年
132,手动调节阀,VD,1250*500,,1,台,356,356,靖江启达,2025.1.8，无预付款，货到现场验收合格2月内付至到货款50%，竣工验收后付至80%，结算并档案验收后付至结算金额97%，3%质保2年
133,手动调节阀,VD,200*160,,1,台,80,80,靖江启达,2025.1.8，无预付款，货到现场验收合格2月内付至到货款50%，竣工验收后付至80%，结算并档案验收后付至结算金额97%，3%质保2年
134,手动调节阀,VD,250*120,,19,台,81,1539,靖江启达,2025.1.8，无预付款，货到现场验收合格2月内付至到货款50%，竣工验收后付至80%，结算并档案验收后付至结算金额97%，3%质保2年
135,手动调节阀,VD,250*160,,12,台,87,1044,靖江启达,2025.1.8，无预付款，货到现场验收合格2月内付至到货款50%，竣工验收后付至80%，结算并档案验收后付至结算金额97%，3%质保2年
136,手动调节阀,VD,250*200,,10,台,93,930,靖江启达,2025.1.8，无预付款，货到现场验收合格2月内付至到货款50%，竣工验收后付至80%，结算并档案验收后付至结算金额97%，3%质保2年
137,手动调节阀,VD,250*250,,1,台,95,95,靖江启达,2025.1.8，无预付款，货到现场验收合格2月内付至到货款50%，竣工验收后付至80%，结算并档案验收后付至结算金额97%，3%质保2年
138,手动调节阀,VD,320*160,,1,台,95,95,靖江启达,2025.1.8，无预付款，货到现场验收合格2月内付至到货款50%，竣工验收后付至80%，结算并档案验收后付至结算金额97%，3%质保2年
139,手动调节阀,VD,320*200,,5,台,95,475,靖江启达,2025.1.8，无预付款，货到现场验收合格2月内付至到货款50%，竣工验收后付至80%，结算并档案验收后付至结算金额97%，3%质保2年
140,手动调节阀,VD,320*250,,180,台,98,17640,靖江启达,2025.1.8，无预付款，货到现场验收合格2月内付至到货款50%，竣工验收后付至80%，结算并档案验收后付至结算金额97%，3%质保2年
141,手动调节阀,VD,400*160,,18,台,96,1728,靖江启达,2025.1.8，无预付款，货到现场验收合格2月内付至到货款50%，竣工验收后付至80%，结算并档案验收后付至结算金额97%，3%质保2年
142,手动调节阀,VD,400*200,,16,台,102,1632,靖江启达,2025.1.8，无预付款，货到现场验收合格2月内付至到货款50%，竣工验收后付至80%，结算并档案验收后付至结算金额97%，3%质保2年
143,手动调节阀,VD,400*250,,18,台,111,1998,靖江启达,2025.1.8，无预付款，货到现场验收合格2月内付至到货款50%，竣工验收后付至80%，结算并档案验收后付至结算金额97%，3%质保2年
144,手动调节阀,VD,400*320,,1,台,137,137,靖江启达,2025.1.8，无预付款，货到现场验收合格2月内付至到货款50%，竣工验收后付至80%，结算并档案验收后付至结算金额97%，3%质保2年
145,手动调节阀,VD,800*400,,1,台,222,222,靖江启达,2025.1.8，无预付款，货到现场验收合格2月内付至到货款50%，竣工验收后付至80%，结算并档案验收后付至结算金额97%，3%质保2年
146,消声器,ZP100,1000*630,,1,台,2624,2624,靖江启达,2025.1.8，无预付款，货到现场验收合格2月内付至到货款50%，竣工验收后付至80%，结算并档案验收后付至结算金额97%，3%质保2年
147,消声器,ZP100,500*320,,1,台,1080,1080,靖江启达,2025.1.8，无预付款，货到现场验收合格2月内付至到货款50%，竣工验收后付至80%，结算并档案验收后付至结算金额97%，3%质保2年
148,消声器,ZP100,500*400,,1,台,1170,1170,靖江启达,2025.1.8，无预付款，货到现场验收合格2月内付至到货款50%，竣工验收后付至80%，结算并档案验收后付至结算金额97%，3%质保2年
149,消声器,ZP100,800*400,,1,台,1844,1844,靖江启达,2025.1.8，无预付款，货到现场验收合格2月内付至到货款50%，竣工验收后付至80%，结算并档案验收后付至结算金额97%，3%质保2年
150,消声器,ZP100,800*500,,2,台,2004,4008,靖江启达,2025.1.8，无预付款，货到现场验收合格2月内付至到货款50%，竣工验收后付至80%，结算并档案验收后付至结算金额97%，3%质保2年
151,电动调节阀,,500*320,,1,台,524,524,靖江启达,2025.1.8，无预付款，货到现场验收合格2月内付至到货款50%，竣工验收后付至80%，结算并档案验收后付至结算金额97%，3%质保2年
152,电动调节阀,,1000*1000,,1,台,1197,1197,靖江启达,2025.1.8，无预付款，货到现场验收合格2月内付至到货款50%，竣工验收后付至80%，结算并档案验收后付至结算金额97%，3%质保2年
153,电动调节阀,,500*400,,1,台,540,540,靖江启达,2025.1.8，无预付款，货到现场验收合格2月内付至到货款50%，竣工验收后付至80%，结算并档案验收后付至结算金额97%，3%质保2年
154,电动调节阀,,800*400,,1,台,594,594,靖江启达,2025.1.8，无预付款，货到现场验收合格2月内付至到货款50%，竣工验收后付至80%，结算并档案验收后付至结算金额97%，3%质保2年
155,电动调节阀,,800*500,,1,台,636,636,靖江启达,2025.1.8，无预付款，货到现场验收合格2月内付至到货款50%，竣工验收后付至80%，结算并档案验收后付至结算金额97%，3%质保2年
156,电动调节阀,,800*630,,1,台,662,662,靖江启达,2025.1.8，无预付款，货到现场验收合格2月内付至到货款50%，竣工验收后付至80%，结算并档案验收后付至结算金额97%，3%质保2年
